{
  "آذربایجان شرقی": {
    "آذرشهر": {
      "آذرشهر": { "lat": 37.77, "long": 45.97 },
      "گوگان": { "lat": 37.78, "long": 45.9 },
      "ممقان": { "lat": 37.85, "long": 45.97 }
    },
    "ارسباران": {
      "آقابابا فرامرزی": { "lat": 38.52, "long": 46.54 },
      "خروانق": { "lat": 38.69, "long": 46.17 },
      "ورزقان": { "lat": 38.49, "long": 46.67 }
    },
    "اسکو": {
      "اسکو": { "lat": 37.92, "long": 46.12 },
      "ایلخچی": { "lat": 37.9, "long": 45.91 },
      "بندر آق گنبد": { "lat": 37.81, "long": 45.42 },
      "کندوان": { "lat": 37.8, "long": 46.25 }
    },
    "اهر": {
      "اهر": { "lat": 38.47, "long": 47.07 },
      "هوراند": { "lat": 38.86, "long": 47.37 }
    },
    "بستان آباد": {
      "بستان آباد": { "lat": 37.84, "long": 46.83 },
      "بنه کهل": { "lat": 37.79, "long": 46.81 },
      "تیکمه داش": { "lat": 37.73, "long": 46.96 },
      "سعیدآباد": { "lat": 37.91, "long": 46.65 },
      "قره چمن": { "lat": 37.64, "long": 47.17 },
      "قزلجه میدان": { "lat": 37.99, "long": 46.55 },
      "کردکندی": { "lat": 37.95, "long": 46.96 },
      "یوسف آباد": { "lat": 37.95, "long": 46.65 }
    },
    "بناب": {
      "بناب": { "lat": 37.34, "long": 46.07 }
    },
    "تبریز": {
      "باسمنج": { "lat": 38, "long": 46.47 },
      "تبریز": { "lat": 38.07, "long": 46.29 },
      "خسروشهر": { "lat": 37.95, "long": 46.05 },
      "سردرود": { "lat": 38.03, "long": 46.15 },
      "قزل دیزج": { "lat": 38.08, "long": 45.99 },
      "لیقوان": { "lat": 37.84, "long": 46.43 },
      "مایان": { "lat": 38.07, "long": 45.99 }
    },
    "جلفا": {
      "جلفا": { "lat": 38.94, "long": 45.63 },
      "سیه رود": { "lat": 38.87, "long": 46.01 },
      "نوردوز": { "lat": 38.85, "long": 46.21 },
      "هادی شهر": { "lat": 38.84, "long": 45.66 }
    },
    "چاراویماق": {
      "قره آغاج(آ-شرقی)": { "lat": 37.13, "long": 46.97 }
    },
    "سراب": {
      "دوزدوزان": { "lat": 37.95, "long": 47.12 },
      "سراب": { "lat": 37.94, "long": 47.54 },
      "کلیان": { "lat": 37.94, "long": 47.77 },
      "مهربان": { "lat": 38.09, "long": 47.13 }
    },
    "شبستر": {
      "تسوج": { "lat": 38.31, "long": 45.36 },
      "شبستر": { "lat": 38.18, "long": 45.7 },
      "شندآباد": { "lat": 38.14, "long": 45.63 },
      "صوفیان": { "lat": 38.28, "long": 45.98 }
    },
    "عجب شیر": {
      "عجب شیر": { "lat": 37.48, "long": 45.89 }
    },
    "کلیبر": {
      "آبش احمد": { "lat": 39.04, "long": 47.32 },
      "اسکا نلو": { "lat": 39.22, "long": 47.09 },
      "اسکلو": { "lat": 38.87, "long": 46.9 },
      "کلیبر": { "lat": 38.86, "long": 47.04 }
    },
    "مراغه": {
      "خراجو": { "lat": 37.31, "long": 46.53 },
      "مراغه": { "lat": 37.37, "long": 46.19 }
    },
    "مرند": {
      "زنوز": { "lat": 38.59, "long": 45.83 },
      "مرند": { "lat": 38.43, "long": 45.77 },
      "یامچی": { "lat": 38.63, "long": 45.49 }
    },
    "ملکان": {
      "ملکان": { "lat": 37.11, "long": 46.11 }
    },
    "میانه": {
      "ترک": { "lat": 37.6, "long": 47.75 },
      "ترکمانچای": { "lat": 37.58, "long": 47.39 },
      "جمال آباد": { "lat": 37.27, "long": 47.85 },
      "قره بلاغ": { "lat": 37.32, "long": 48.07 },
      "کاغذکنان": { "lat": 37.25, "long": 48.06 },
      "گنج گاه": { "lat": 37.78, "long": 48.14 },
      "میانه": { "lat": 37.44, "long": 47.7 }
    },
    "هریس": {
      "بخشایش": { "lat": 38.13, "long": 46.95 },
      "بیلوردی": { "lat": 38.26, "long": 46.85 },
      "خواجه": { "lat": 38.16, "long": 46.58 },
      "زرنق": { "lat": 38.1, "long": 47.07 },
      "هریس": { "lat": 38.25, "long": 47.11 }
    },
    "هشترود": {
      "علی آباد هشترود": { "lat": 37.45, "long": 47.1 },
      "هشترود": { "lat": 37.48, "long": 47.05 }
    }
  },
  "آذربایجان غربی": {
    "ارومیه": {
      "ارنسا": { "lat": 37.69, "long": 45.08 },
      "ارومیه": { "lat": 37.55, "long": 45.08 },
      "امامزاده ارومیه": { "lat": 37.53, "long": 45.21 },
      "با لانج": { "lat": 37.39, "long": 45.17 },
      "بندرگلمانخانه": { "lat": 37.61, "long": 45.25 },
      "راژان": { "lat": 37.4, "long": 44.88 },
      "زیوه": { "lat": 37.25, "long": 44.9 },
      "سرو": { "lat": 37.72, "long": 44.63 },
      "طلاتپه": { "lat": 37.72, "long": 45.18 },
      "فره آغاج ارومیه": { "lat": 37.48, "long": 45.14 },
      "قوشچی": { "lat": 37.99, "long": 45.04 },
      "قولنجی": { "lat": 37.93, "long": 45 },
      "موانا": { "lat": 37.53, "long": 44.79 },
      "نوشین شهر": { "lat": 37.73, "long": 45.05 }
    },
    "اشنویه": {
      "اشنویه": { "lat": 37.04, "long": 45.1 }
    },
    "بوکان": {
      "بوکان": { "lat": 36.52, "long": 46.21 },
      "شهریکند": { "lat": 36.44, "long": 45.95 },
      "قارنیچه": { "lat": 36.76, "long": 46.15 }
    },
    "پیرانشهر": {
      "پسوه": { "lat": 36.8, "long": 45.33 },
      "پیرانشهر": { "lat": 36.7, "long": 45.14 },
      "تمرچین": { "lat": 36.66, "long": 45.08 },
      "جلدیان": { "lat": 36.85, "long": 45.19 }
    },
    "تکاب": {
      "احمدآباد زنجان": { "lat": 36.58, "long": 47.26 },
      "تکاب": { "lat": 36.4, "long": 47.11 },
      "چپ دره": { "lat": 36.32, "long": 47.04 }
    },
    "چالدران": {
      "چالدران": { "lat": 39.07, "long": 44.38 },
      "شیخ سیلو": { "lat": 38.97, "long": 44.21 },
      "قره کلیسا": { "lat": 39.09, "long": 44.54 }
    },
    "خوی": {
      "ایواغلی": { "lat": 38.69, "long": 45.22 },
      "خوی": { "lat": 38.53, "long": 44.96 },
      "رازی": { "lat": 38.49, "long": 44.34 },
      "فیرورق": { "lat": 38.56, "long": 44.87 },
      "قره ضیاءالدین": { "lat": 38.89, "long": 45.02 },
      "قطور": { "lat": 38.48, "long": 44.41 }
    },
    "سردشت": {
      "بیوران": { "lat": 36.18, "long": 45.38 },
      "سردشت": { "lat": 36.18, "long": 45.51 },
      "میرآباد": { "lat": 36.41, "long": 45.37 }
    },
    "سلماس": {
      "تازه شهر": { "lat": 38.17, "long": 44.68 },
      "سلماس": { "lat": 38.19, "long": 44.77 }
    },
    "شاهین دژ": {
      "شاهیندژ": { "lat": 36.68, "long": 46.56 },
      "کشاورز": { "lat": 36.84, "long": 46.35 }
    },
    "ماکو": {
      "بازرگان": { "lat": 39.39, "long": 44.39 },
      "بورالان": { "lat": 39.78, "long": 44.61 },
      "پلدشت": { "lat": 39.35, "long": 45.07 },
      "شوط": { "lat": 39.22, "long": 44.77 },
      "کشمش تپه": { "lat": 39.35, "long": 44.39 },
      "ماکو": { "lat": 39.3, "long": 44.51 },
      "مرگن لر": { "lat": 39.15, "long": 44.95 },
      "یولاگلدی": { "lat": 39.29, "long": 44.83 }
    },
    "مهاباد": {
      "خلیفان": { "lat": 36.51, "long": 45.79 },
      "کیتکه": { "lat": 36.52, "long": 45.75 },
      "مهاباد": { "lat": 36.77, "long": 45.72 }
    },
    "میاندوآب": {
      "آرمناک": { "lat": 36.89, "long": 46.07 },
      "تپه رش": { "lat": 37.08, "long": 45.81 },
      "میاندوآب": { "lat": 36.97, "long": 46.1 }
    },
    "نقده": {
      "محمدیار": { "lat": 36.98, "long": 45.52 },
      "نقده": { "lat": 36.97, "long": 45.39 }
    }
  },
  "اردبیل": {
    "اردبیل": {
      "اردبیل": { "lat": 38.25, "long": 48.3 },
      "سرعین": { "lat": 38.15, "long": 48.07 },
      "هیر": { "lat": 38.08, "long": 48.51 }
    },
    "بیله سوار": {
      "بیله سوار": { "lat": 39.37, "long": 48.36 },
      "جعفرآباد(اردبیل)": { "lat": 39.44, "long": 48.1 }
    },
    "پارس آباد": {
      "اصلاندوز": { "lat": 39.44, "long": 47.41 },
      "پارس آباد": { "lat": 39.65, "long": 47.92 }
    },
    "خلخال": {
      "خلخال": { "lat": 37.62, "long": 48.53 },
      "کلور": { "lat": 37.39, "long": 48.72 },
      "هشتجین": { "lat": 37.37, "long": 48.32 }
    },
    "کوثر": {
      "دولت آباد(اردبیل)": { "lat": 37.59, "long": 48.23 },
      "فیروزآباد(اردبیل)": { "lat": 37.61, "long": 48.05 },
      "گیوی (کوثر)": { "lat": 37.69, "long": 48.35 }
    },
    "گرمی": {
      "قره آغاج(اردبیل)": { "lat": 39.01, "long": 47.68 },
      "گرمی": { "lat": 39.04, "long": 48.08 }
    },
    "مشگین شهر": {
      "رضی": { "lat": 38.63, "long": 48.1 },
      "لاهرود": { "lat": 38.5, "long": 47.83 },
      "مشگین شهر": { "lat": 38.4, "long": 47.68 }
    },
    "نمین": {
      "آبی بیگلو": { "lat": 38.28, "long": 48.55 },
      "سولا": { "lat": 38.39, "long": 48.49 },
      "نمین": { "lat": 38.42, "long": 48.49 },
      "نوجه ده": { "lat": 38.31, "long": 48.56 }
    },
    "نیر": {
      "کورائیم": { "lat": 37.96, "long": 48.24 },
      "نیر(اردبیل)": { "lat": 38.03, "long": 48 }
    }
  },
  "اصفهان": {
    "آران و بیدگل": {
      "آران": { "lat": 34.05, "long": 51.48 },
      "ابوزیدآباد": { "lat": 33.9, "long": 51.77 },
      "نوش آباد": { "lat": 34.08, "long": 51.44 }
    },
    "اردستان": {
      "اردستان": { "lat": 33.38, "long": 52.37 },
      "زواره": { "lat": 33.45, "long": 52.49 },
      "ظفرقند": { "lat": 33.17, "long": 52.48 },
      "موغار": { "lat": 33.57, "long": 52.19 },
      "مهاباد اردستان": { "lat": 33.53, "long": 52.21 }
    },
    "اصفهان": {
      "اصفهان": { "lat": 32.65, "long": 51.67 },
      "حسن آباد اصفهان": { "lat": 32.14, "long": 52.62 },
      "دستجاه": { "lat": 32.53, "long": 51.96 },
      "رامشه": { "lat": 31.82, "long": 52.5 },
      "زفره": { "lat": 32.9, "long": 52.29 },
      "زیار": { "lat": 32.51, "long": 51.94 },
      "کوهپایه اصفهان": { "lat": 32.72, "long": 52.44 },
      "محمدآباد اصفهان": { "lat": 32.32, "long": 52.1 },
      "نیک آباد": { "lat": 32.3, "long": 52.2 },
      "ورتون": { "lat": 32.82, "long": 52.12 },
      "ورزنه": { "lat": 32.42, "long": 52.65 },
      "هرند": { "lat": 32.58, "long": 52.44 }
    },
    "برخوار و میمه": {
      "حبیب آباد اصفهان": { "lat": 32.83, "long": 51.77 },
      "دولت آباد اصفهان": { "lat": 32.81, "long": 51.69 },
      "سه  راهی  علویجه": { "lat": 32.98, "long": 51.5 },
      "شاهین شهر": { "lat": 32.88, "long": 51.54 },
      "مورچه خورت": { "lat": 33.1, "long": 51.47 },
      "میمه": { "lat": 33.45, "long": 51.18 }
    },
    "تیران و کرون": {
      "افجان": { "lat": 32.82, "long": 50.96 },
      "تیران": { "lat": 32.7, "long": 51.15 },
      "نجف آباد": { "lat": 32.63, "long": 51.37 }
    },
    "خمینی شهر": {
      "خمینی شهر": { "lat": 32.68, "long": 51.54 }
    },
    "خوانسار": {
      "خوانسار": { "lat": 33.21, "long": 50.32 },
      "رحمت آباد اصفهان": { "lat": 33.21, "long": 50.59 }
    },
    "سمیرم": {
      "حنا": { "lat": 31.2, "long": 51.72 },
      "سمیرم": { "lat": 31.42, "long": 51.57 },
      "کمه": { "lat": 31.09, "long": 51.59 },
      "ونک": { "lat": 31.52, "long": 51.34 }
    },
    "شهرضا": {
      "پوده": { "lat": 32.12, "long": 51.67 },
      "دهاقان": { "lat": 31.94, "long": 51.65 },
      "شهرضا": { "lat": 32.01, "long": 51.87 },
      "مرشدآباد": { "lat": 31.71, "long": 52.05 }
    },
    "فریدن": {
      "چادگان": { "lat": 32.81, "long": 50.76 },
      "داران": { "lat": 32.99, "long": 50.42 }
    },
    "فریدون شهر": {
      "فریدونشهر": { "lat": 32.94, "long": 50.12 }
    },
    "فلاورجان": {
      "پیربکران": { "lat": 32.47, "long": 51.56 },
      "فلاورجان": { "lat": 32.55, "long": 51.51 },
      "کلیشاد": { "lat": 32.55, "long": 51.53 }
    },
    "کاشان": {
      "راوند": { "lat": 34.02, "long": 51.35 },
      "فین": { "lat": 33.93, "long": 51.38 },
      "قمصر": { "lat": 33.76, "long": 51.43 },
      "کاشان": { "lat": 33.99, "long": 51.45 },
      "مشهداردهال": { "lat": 34.04, "long": 51.05 },
      "نیاسر": { "lat": 33.98, "long": 51.15 }
    },
    "گلپایگان": {
      "سعیدآباد گلپایگان": { "lat": 33.54, "long": 50.33 },
      "گلپایگان": { "lat": 33.45, "long": 50.29 },
      "گوگد": { "lat": 33.48, "long": 50.35 }
    },
    "لنجان": {
      "زرین شهر": { "lat": 32.39, "long": 51.38 },
      "فولادشهر": { "lat": 32.49, "long": 51.41 },
      "ورنامخواست": { "lat": 32.36, "long": 51.37 },
      "هاردنگ": { "lat": 32.27, "long": 51.19 }
    },
    "مبارکه": {
      "مبارکه": { "lat": 32.35, "long": 51.51 }
    },
    "نائین": {
      "انارک": { "lat": 33.32, "long": 53.72 },
      "بیاضیه": { "lat": 33.33, "long": 55.1 },
      "جندق": { "lat": 34.04, "long": 54.4 },
      "خوراصفهان": { "lat": 33.77, "long": 55.08 },
      "نائین": { "lat": 32.86, "long": 53.1 }
    },
    "نجف آباد": {
      "حسینچه": { "lat": 33.07, "long": 51.03 },
      "دهق": { "lat": 33.11, "long": 50.95 },
      "علویجه": { "lat": 33.05, "long": 51.08 },
      "قهدریجان": { "lat": 32.58, "long": 51.45 }
    },
    "نطنز": {
      "آقاعلی عباس": { "lat": 33.73, "long": 52.07 },
      "اریسمان": { "lat": 33.65, "long": 52 },
      "بادرود": { "lat": 33.67, "long": 51.97 },
      "شجاع آباد": { "lat": 33.43, "long": 51.98 },
      "نطنز": { "lat": 33.51, "long": 51.91 }
    }
  },
  "البرز": {
    "ساوجبلاغ": {
      "برغان": { "lat": 35.95, "long": 50.94 },
      "جوستان": { "lat": 36.19, "long": 50.89 },
      "طالقان": { "lat": 36.17, "long": 50.77 },
      "کردان": { "lat": 35.93, "long": 50.83 },
      "نجم آباد": { "lat": 35.85, "long": 50.51 },
      "نظرآباد": { "lat": 35.96, "long": 50.61 },
      "ولیان": { "lat": 36.02, "long": 50.84 },
      "هشتگرد": { "lat": 35.96, "long": 50.69 }
    },
    "کرج": {
      "اشتهارد": { "lat": 35.72, "long": 50.35 },
      "دیزین": { "lat": 36.04, "long": 51.43 },
      "شهرستانک": { "lat": 35.97, "long": 51.35 },
      "کرج": { "lat": 35.83, "long": 50.97 },
      "گچسر": { "lat": 36.12, "long": 51.32 },
      "ماهدشت": { "lat": 35.73, "long": 50.82 },
      "محمد شهر": { "lat": 35.76, "long": 50.92 }
    }
  },
  "ایلام": {
    "آبدانان": {
      "آبدانان": { "lat": 32.99, "long": 47.42 },
      "مورموری": { "lat": 32.73, "long": 47.68 }
    },
    "ایلام": {
      "ایلام": { "lat": 33.63, "long": 46.42 },
      "چوار": { "lat": 33.7, "long": 46.3 },
      "مورت": { "lat": 33.7, "long": 46.28 }
    },
    "ایوان": {
      "ایوان": { "lat": 33.83, "long": 46.31 },
      "چهارمله": { "lat": 33.94, "long": 46.29 },
      "زرنه": { "lat": 33.92, "long": 46.19 }
    },
    "دره شهر": {
      "بدره": { "lat": 33.31, "long": 47.04 },
      "دره شهر": { "lat": 33.15, "long": 47.39 }
    },
    "دهلران": {
      "ابوغریب": { "lat": 32.33, "long": 47.64 },
      "پتک": { "lat": 32.54, "long": 47.41 },
      "پهله": { "lat": 33.01, "long": 46.88 },
      "دشت عباس": { "lat": 32.41, "long": 47.82 },
      "دهلران": { "lat": 32.7, "long": 47.26 },
      "فکه": { "lat": 32.07, "long": 47.66 },
      "موسیان": { "lat": 32.52, "long": 47.38 },
      "میمه ایلام": { "lat": 33.23, "long": 46.92 }
    },
    "شیروان وچرداول": {
      "پیازآباد": { "lat": 33.82, "long": 47.41 },
      "سرابله": { "lat": 33.77, "long": 46.56 },
      "کهره": { "lat": 33.74, "long": 47.04 },
      "لومار": { "lat": 33.57, "long": 46.8 },
      "هلیلیان": { "lat": 33.73, "long": 47.07 }
    },
    "مهران": {
      "ارگواز": { "lat": 33.38, "long": 46.6 },
      "صالح آباد(ایلام)": { "lat": 33.48, "long": 46.19 },
      "گنبد پیرمحمد": { "lat": 33.25, "long": 46.55 },
      "مهران": { "lat": 33.12, "long": 46.16 }
    }
  },
  "بوشهر": {
    "بوشهر": {
      "احمدی": { "lat": 29.07, "long": 51.07 },
      "بوشهر": { "lat": 28.96, "long": 50.84 },
      "چاه کوتاه": { "lat": 29.06, "long": 51.13 }
    },
    "تنگستان": {
      "اهرم": { "lat": 28.88, "long": 51.28 },
      "باشی": { "lat": 28.68, "long": 51.08 },
      "بندررستمی": { "lat": 28.57, "long": 51.09 },
      "دلوار": { "lat": 28.77, "long": 51.06 },
      "سمل": { "lat": 29.1, "long": 51.22 }
    },
    "دشتستان": {
      "برازجان": { "lat": 29.27, "long": 51.21 },
      "بوشکان": { "lat": 28.83, "long": 51.69 },
      "پشت پر": { "lat": 29.14, "long": 51.7 },
      "تنگ ارم": { "lat": 29.16, "long": 51.53 },
      "دالکی": { "lat": 29.43, "long": 51.29 }
    },
    "دشتی": {
      "خورموج": { "lat": 28.65, "long": 51.38 },
      "شنبه": { "lat": 28.4, "long": 51.76 },
      "عربی": { "lat": 28.72, "long": 51.32 },
      "کاکی": { "lat": 28.31, "long": 51.53 }
    },
    "دیر": {
      "آبدان": { "lat": 28.08, "long": 51.77 },
      "بردخون": { "lat": 28.03, "long": 51.46 },
      "بندردیر": { "lat": 27.84, "long": 51.93 },
      "جاشک": { "lat": 28.17, "long": 51.65 },
      "دوراهک": { "lat": 27.93, "long": 51.98 }
    },
    "دیلم": {
      "دیلم": { "lat": 30.06, "long": 50.17 }
    },
    "عسلویه": {
      "بندر عسلویه": { "lat": 27.49, "long": 52.59 },
      "چاه‌مبارک": { "lat": 27.36, "long": 52.78 }
    },
    "کنگان": {
      "بندرطاهری": { "lat": 27.68, "long": 52.33 },
      "بیدخون": { "lat": 27.48, "long": 52.66 },
      "جم": { "lat": 27.83, "long": 52.32 },
      "کنگان": { "lat": 27.83, "long": 52.06 }
    },
    "گناوه": {
      "بندرریگ": { "lat": 29.49, "long": 50.63 },
      "بندرگناوه": { "lat": 29.57, "long": 50.52 }
    }
  },
  "تهران": {
    "اسلام شهر": {
      "اسلام شهر": { "lat": 35.56, "long": 51.24 }
    },
    "پاکدشت": {
      "پاکدشت": { "lat": 35.47, "long": 51.67 },
      "چنداب": { "lat": 35.38, "long": 51.91 },
      "شریف آباد": { "lat": 35.41, "long": 51.8 }
    },
    "تهران": {
      "امامزاده داوود": { "lat": 35.88, "long": 51.34 },
      "بومهن": { "lat": 35.73, "long": 51.87 },
      "تهران": { "lat": 35.7, "long": 51.42 },
      "جاجرود": { "lat": 35.75, "long": 51.7 },
      "سنگان تهران": { "lat": 35.86, "long": 51.24 }
    },
    "دماوند": {
      "آبسرد": { "lat": 35.62, "long": 52.16 },
      "آبعلی": { "lat": 35.77, "long": 51.99 },
      "دماوند": { "lat": 35.72, "long": 52.07 },
      "دواب سمنان": { "lat": 35.46, "long": 52.17 },
      "رودهن": { "lat": 35.74, "long": 51.91 },
      "کیلان": { "lat": 35.51, "long": 52.17 }
    },
    "رباط کریم": {
      "رباط کریم": { "lat": 35.48, "long": 51.08 },
      "سلطان آباد تهران": { "lat": 35.52, "long": 51.15 }
    },
    "ری": {
      "حسن آباد تهران": { "lat": 35.37, "long": 51.24 },
      "شورآباد": { "lat": 35.5, "long": 51.35 },
      "شهرری": { "lat": 35.59, "long": 51.43 },
      "فیروزآباد تهران": { "lat": 35.54, "long": 51.5 },
      "قلعه نو ورامین": { "lat": 35.51, "long": 51.51 },
      "کهریزک": { "lat": 35.53, "long": 51.4 },
      "نعلبندان": { "lat": 35.21, "long": 50.98 },
      "وهن آباد": { "lat": 35.45, "long": 51.18 }
    },
    "شمیرانات": {
      "آهار": { "lat": 35.93, "long": 51.46 },
      "فشم": { "lat": 35.93, "long": 51.53 },
      "لشکرک": { "lat": 35.82, "long": 51.63 },
      "لواسان": { "lat": 35.82, "long": 51.78 }
    },
    "شهریار": {
      "اخترآباد": { "lat": 35.59, "long": 50.6 },
      "شهریار": { "lat": 35.65, "long": 51.06 },
      "ملارد": { "lat": 35.65, "long": 51 }
    },
    "فیروز کوه": {
      "فیروزکوه": { "lat": 35.76, "long": 52.78 }
    },
    "ورامین": {
      "باقرآباد ورامین": { "lat": 35.41, "long": 51.59 },
      "پیشوا": { "lat": 35.32, "long": 51.71 },
      "جواد آباد ورامین": { "lat": 35.21, "long": 51.67 },
      "قرچک": { "lat": 35.44, "long": 51.57 },
      "ورامین": { "lat": 35.33, "long": 51.65 }
    }
  },
  "چهار محال بختیاری": {
    "اردل": {
      "اردل": { "lat": 32, "long": 50.66 },
      "دوآب چهارمحال": { "lat": 32.15, "long": 50.44 },
      "سرخون": { "lat": 31.75, "long": 50.55 },
      "ناغان": { "lat": 31.93, "long": 50.72 }
    },
    "بروجن": {
      "بروجن": { "lat": 31.97, "long": 51.28 },
      "بلداجی": { "lat": 31.94, "long": 51.05 },
      "سفیددشت": { "lat": 32.13, "long": 51.19 },
      "فرادنبه": { "lat": 32.02, "long": 51.21 },
      "گندمان": { "lat": 31.86, "long": 51.16 },
      "نقنه": { "lat": 31.94, "long": 51.32 }
    },
    "شهرکرد": {
      "بن": { "lat": 32.54, "long": 50.74 },
      "حیدری": { "lat": 32.66, "long": 50.59 },
      "دستگرد": { "lat": 32.1, "long": 51 },
      "سامان": { "lat": 32.44, "long": 50.91 },
      "سورشجان": { "lat": 32.31, "long": 50.68 },
      "شلمزار": { "lat": 32.05, "long": 50.82 },
      "شهرکرد": { "lat": 32.33, "long": 50.86 },
      "شیخ شبان": { "lat": 32.59, "long": 50.61 },
      "طاقانک": { "lat": 32.22, "long": 50.84 },
      "فرخشهر": { "lat": 32.27, "long": 50.98 },
      "گهرو": { "lat": 32.01, "long": 50.89 },
      "هفشجان": { "lat": 32.22, "long": 50.8 },
      "یان چشمه": { "lat": 32.66, "long": 50.73 }
    },
    "فارسان": {
      "باباحیدر": { "lat": 32.32, "long": 50.48 },
      "جونقان": { "lat": 32.15, "long": 50.69 },
      "فارسان": { "lat": 32.26, "long": 50.57 }
    },
    "کوهرنگ": {
      "چلگرد": { "lat": 32.46, "long": 50.14 },
      "دیمه": { "lat": 32.5, "long": 50.22 }
    },
    "لردگان": {
      "سردشت(چهارمحال)": { "lat": 31.38, "long": 50.84 },
      "کلواری": { "lat": 31.24, "long": 51.29 },
      "گوشکی": { "lat": 31.52, "long": 51.16 },
      "لردگان": { "lat": 31.51, "long": 50.82 },
      "منج": { "lat": 31.53, "long": 50.63 }
    }
  },
  "خراسان جنوبی": {
    "بشرویه": {
      "بشرویه": { "lat": 33.87, "long": 57.43 }
    },
    "بیرجند": {
      "اسدیه": { "lat": 32.92, "long": 60.02 },
      "القورات": { "lat": 33.18, "long": 59.38 },
      "بسطاق": { "lat": 33.76, "long": 58.54 },
      "بیرجند": { "lat": 32.87, "long": 59.22 },
      "حاجی آباد بیرجند": { "lat": 33, "long": 59.3 },
      "خور خراسان": { "lat": 32.94, "long": 58.44 },
      "خوسف": { "lat": 32.78, "long": 58.89 },
      "درمیان": { "lat": 32.8, "long": 59.94 },
      "دوست آباد": { "lat": 33.68, "long": 58.69 },
      "سرایان": { "lat": 33.86, "long": 58.53 },
      "طبس مسینا": { "lat": 32.8, "long": 60.23 },
      "گزیک": { "lat": 33, "long": 60.23 },
      "منصورآباد بیرجند": { "lat": 33.05, "long": 59.65 }
    },
    "سربیشه": {
      "درح": { "lat": 32.29, "long": 60.49 },
      "سربیشه": { "lat": 32.57, "long": 59.8 },
      "قرقری": { "lat": 32.17, "long": 60.86 },
      "قلعه سرخ": { "lat": 32.5, "long": 59.99 }
    },
    "نهبندان": {
      "شوسف": { "lat": 31.81, "long": 60.02 },
      "طبسین": { "lat": 31.45, "long": 60.67 },
      "مزارسیدعلی": { "lat": 32.25, "long": 59.83 },
      "معدن حاجات": { "lat": 31.56, "long": 60.52 },
      "نهبندان": { "lat": 31.54, "long": 60.04 }
    }
  },
  "خراسان رضوی": {
    "بردسکن": {
      "برداسکن": { "lat": 35.25, "long": 57.97 },
      "درونه": { "lat": 35.17, "long": 57.42 },
      "دهانه قلعه": { "lat": 35.32, "long": 57.64 }
    },
    "تایباد": {
      "باخزر": { "lat": 34.99, "long": 60.31 },
      "تایباد": { "lat": 34.74, "long": 60.78 },
      "دوغارون": { "lat": 34.71, "long": 61 }
    },
    "تربت جام": {
      "تربت جام": { "lat": 35.24, "long": 60.62 },
      "سمیع آباد": { "lat": 35.15, "long": 60.91 },
      "شورستان": { "lat": 35.72, "long": 61.02 },
      "صالح آباد خراسان": { "lat": 35.69, "long": 61.09 }
    },
    "تربت حیدریه": {
      "اسدآباد خراسان": { "lat": 35.63, "long": 59.36 },
      "بایگ": { "lat": 35.36, "long": 59.05 },
      "تربت حیدریه": { "lat": 35.27, "long": 59.22 },
      "تلخ بخش گلبو": { "lat": 35.72, "long": 58.86 },
      "فیض آباد": { "lat": 35.02, "long": 58.79 },
      "کدکن": { "lat": 35.61, "long": 58.88 }
    },
    "چناران": {
      "چناران": { "lat": 36.65, "long": 59.12 }
    },
    "خواف": {
      "خواف": { "lat": 34.57, "long": 60.14 },
      "سنگان(خراسان)": { "lat": 34.41, "long": 60.24 },
      "قاسم آباد": { "lat": 34.36, "long": 59.87 },
      "نیازآباد": { "lat": 34.23, "long": 60.24 }
    },
    "درگز": {
      "حصارخراسان": { "lat": 37.44, "long": 59.39 },
      "درگز": { "lat": 37.44, "long": 59.11 },
      "لطف آباد": { "lat": 37.52, "long": 59.34 }
    },
    "رشتخوار": {
      "رشتخوار": { "lat": 34.97, "long": 59.62 }
    },
    "سبزوار": {
      "جغتای": { "lat": 36.63, "long": 57.07 },
      "حارث آباد": { "lat": 36.11, "long": 57.61 },
      "حکم آباد": { "lat": 36.63, "long": 57.6 },
      "داورزن": { "lat": 36.35, "long": 56.88 },
      "سبزوار": { "lat": 36.21, "long": 57.67 },
      "سلطان آبادخراسان": { "lat": 36.41, "long": 58.04 },
      "ششتمد": { "lat": 35.97, "long": 57.77 },
      "شفیع آبادسبزوار": { "lat": 36.72, "long": 56.62 },
      "کاهک": { "lat": 36.35, "long": 56.77 },
      "نقاب": { "lat": 36.71, "long": 57.42 }
    },
    "سرخس": {
      "سرخس": { "lat": 36.53, "long": 61.16 }
    },
    "فردوس": {
      "باغستان": { "lat": 34.11, "long": 58.3 },
      "برون": { "lat": 34.16, "long": 58.24 },
      "فردوس": { "lat": 34.02, "long": 58.17 }
    },
    "فریمان": {
      "سنگ بست": { "lat": 35.99, "long": 59.77 },
      "فریمان": { "lat": 35.71, "long": 59.85 }
    },
    "قائنات": {
      "پترگان": { "lat": 33.52, "long": 60.66 },
      "سده خراسان": { "lat": 33.33, "long": 59.24 },
      "شاهرخت": { "lat": 33.65, "long": 60.28 },
      "قاین": { "lat": 33.73, "long": 59.19 },
      "کرغند": { "lat": 33.82, "long": 58.74 }
    },
    "قوچان": {
      "امام قلی": { "lat": 37.4, "long": 58.52 },
      "باجگیران": { "lat": 37.62, "long": 58.42 },
      "چویلی": { "lat": 37.41, "long": 58.56 },
      "قوچان": { "lat": 37.11, "long": 58.51 }
    },
    "کاشمر": {
      "کاشمر": { "lat": 35.23, "long": 58.46 }
    },
    "گناباد": {
      "بجستان": { "lat": 34.52, "long": 58.18 },
      "بیدخت": { "lat": 34.34, "long": 58.76 },
      "خضری": { "lat": 34.11, "long": 58.83 },
      "عمرانی": { "lat": 34.56, "long": 58.7 },
      "کاخک": { "lat": 34.15, "long": 58.65 },
      "گناباد": { "lat": 34.35, "long": 58.69 },
      "یونسی": { "lat": 34.8, "long": 58.44 }
    },
    "مشهد": {
      "آبروان": { "lat": 36.08, "long": 59.94 },
      "امام تقی": { "lat": 35.94, "long": 59.44 },
      "باغچه": { "lat": 35.98, "long": 59.6 },
      "رباط سفید": { "lat": 35.79, "long": 59.39 },
      "شاندیز": { "lat": 36.4, "long": 59.28 },
      "طرقبه": { "lat": 36.31, "long": 59.37 },
      "مشهد": { "lat": 36.29, "long": 59.62 },
      "وکیل آباد خراسان": { "lat": 36.35, "long": 59.44 }
    },
    "نیشابور": {
      "درود خراسان": { "lat": 36.14, "long": 59.11 },
      "عبدالله گیو": { "lat": 36.69, "long": 58.43 },
      "قدمگاه": { "lat": 36.11, "long": 59.06 },
      "ماروسک": { "lat": 35.81, "long": 58.58 },
      "نیشابور": { "lat": 36.2, "long": 58.8 }
    },
    "کلات": {
      "کلات نادری": { "lat": 37, "long": 59.77 }
    }
  },
  "خراسان شمالی": {
    "اسفراین": {
      "اسفراین": { "lat": 37.08, "long": 57.51 },
      "بام": { "lat": 36.91, "long": 57.95 },
      "صفی آباد": { "lat": 36.69, "long": 57.93 },
      "گراتی": { "lat": 36.87, "long": 57.53 }
    },
    "بجنورد": {
      "بجنورد": { "lat": 37.47, "long": 57.33 },
      "راز": { "lat": 37.93, "long": 57.11 },
      "غلامان": { "lat": 38.06, "long": 57.14 }
    },
    "جاجرم": {
      "جاجرم": { "lat": 36.97, "long": 56.31 },
      "رباط قره بیل": { "lat": 37.36, "long": 56.34 },
      "سنخواست": { "lat": 37.1, "long": 56.86 },
      "شوقان": { "lat": 37.3, "long": 56.84 },
      "گرمه": { "lat": 36.99, "long": 56.29 },
      "مرغزار": { "lat": 37.17, "long": 56.3 }
    },
    "شیروان": {
      "شیروان": { "lat": 37.4, "long": 57.93 }
    },
    "فاروج": {
      "فاروج": { "lat": 37.23, "long": 58.22 }
    },
    "مانه و سملقان": {
      "آشخانه": { "lat": 37.56, "long": 56.93 },
      "چمن بید": { "lat": 37.43, "long": 56.56 }
    }
  },
  "خوزستان": {
    "آبادان": {
      "آبادان": { "lat": 30.38, "long": 48.29 },
      "اروندکنار": { "lat": 29.98, "long": 48.52 },
      "چویبده": { "lat": 30.19, "long": 48.57 },
      "قفاص": { "lat": 30.09, "long": 48.63 }
    },
    "امیدیه": {
      "امیدیه": { "lat": 30.77, "long": 49.71 },
      "بید بلند": { "lat": 30.77, "long": 49.94 },
      "جایزان": { "lat": 30.91, "long": 49.85 },
      "میانکوه": { "lat": 30.79, "long": 49.74 }
    },
    "اندیمشک": {
      "اندیمشک": { "lat": 32.46, "long": 48.35 },
      "پل زال": { "lat": 32.81, "long": 48.08 },
      "سددز": { "lat": 32.6, "long": 48.46 },
      "مازو": { "lat": 32.79, "long": 48.51 }
    },
    "اهواز": {
      "اهواز": { "lat": 31.33, "long": 48.69 },
      "حمیدیه": { "lat": 31.48, "long": 48.44 },
      "شهرک ویس": { "lat": 31.49, "long": 48.88 },
      "کوشک": { "lat": 31.04, "long": 48.21 },
      "ملاثانی": { "lat": 31.59, "long": 48.88 }
    },
    "ایذه": {
      "ایذه": { "lat": 31.84, "long": 49.87 },
      "پیون": { "lat": 31.97, "long": 49.77 },
      "دهدز": { "lat": 31.71, "long": 50.28 },
      "سادات حسینی": { "lat": 31.56, "long": 50.3 }
    },
    "باغ ملک": {
      "باغملک": { "lat": 31.52, "long": 49.89 },
      "صیدون": { "lat": 31.37, "long": 50.08 }
    },
    "بندرماهشهر": {
      "بندرامام": { "lat": 30.44, "long": 49.08 },
      "سربندر": { "lat": 30.55, "long": 49.05 },
      "ماهشهر": { "lat": 30.56, "long": 49.2 },
      "هندیجان": { "lat": 30.23, "long": 49.71 }
    },
    "بهبهان": {
      "آغاجاری": { "lat": 30.7, "long": 49.83 },
      "بهبهان": { "lat": 30.6, "long": 50.24 }
    },
    "خرمشهر": {
      "جزیره مینو": { "lat": 30.37, "long": 48.21 },
      "حسینیه": { "lat": 30.8, "long": 48.18 },
      "خرمشهر": { "lat": 30.44, "long": 48.18 }
    },
    "دزفول": {
      "دزفول": { "lat": 32.38, "long": 48.4 },
      "سردشت خوزستان": { "lat": 32.5, "long": 48.83 },
      "سیاه منصور": { "lat": 32.33, "long": 48.49 }
    },
    "دشت آزادگان": {
      "بستان": { "lat": 31.72, "long": 47.99 },
      "سوسنگرد": { "lat": 31.56, "long": 48.19 },
      "طلائیه": { "lat": 31.04, "long": 47.79 },
      "کاویان": { "lat": 31.6, "long": 47.9 },
      "هویزه": { "lat": 31.46, "long": 48.07 },
      "یزدنو": { "lat": 31.52, "long": 47.93 }
    },
    "رامهرمز": {
      "رامشیر": { "lat": 30.89, "long": 49.41 },
      "رامهرمز": { "lat": 31.27, "long": 49.6 },
      "نفت سفید": { "lat": 31.64, "long": 49.29 },
      "نمره یک": { "lat": 31.35, "long": 49.53 },
      "هفتگل": { "lat": 31.45, "long": 49.53 }
    },
    "شادگان": {
      "جفال": { "lat": 30.7, "long": 48.64 },
      "دارخوین": { "lat": 30.75, "long": 48.43 },
      "شا دگان": { "lat": 30.65, "long": 48.67 },
      "گرگر": { "lat": 30.77, "long": 48.96 }
    },
    "شوش": {
      "الوان": { "lat": 31.87, "long": 48.35 },
      "چغازنبیل": { "lat": 32, "long": 48.53 },
      "چنانه": { "lat": 32.2, "long": 47.95 },
      "شوش": { "lat": 32.2, "long": 48.25 },
      "هفت تپه": { "lat": 32.07, "long": 48.3 }
    },
    "شوشتر": {
      "شلیلی": { "lat": 31.97, "long": 48.86 },
      "شوشتر": { "lat": 32.05, "long": 48.86 },
      "عقیلی": { "lat": 32.25, "long": 48.82 },
      "گتوند": { "lat": 32.17, "long": 48.82 },
      "گوریه": { "lat": 31.86, "long": 48.76 }
    },
    "مسجدسلیمان": {
      "سد شهید عباسپور": { "lat": 32.07, "long": 49.56 },
      "لالی": { "lat": 32.33, "long": 49.09 },
      "مسجدسلیمان": { "lat": 31.93, "long": 49.31 }
    }
  },
  "زنجان": {
    "ابهر": {
      "ابهر": { "lat": 36.16, "long": 49.23 },
      "دولت آباد زنجان": { "lat": 35.98, "long": 49.13 },
      "سلطانیه": { "lat": 36.44, "long": 48.8 },
      "صائین قلعه": { "lat": 36.31, "long": 49.07 }
    },
    "ایجرود": {
      "زرین آباد زنجان": { "lat": 36.43, "long": 48.28 }
    },
    "خدابنده": {
      "حصارزنجان": { "lat": 36.07, "long": 48.58 },
      "خدابنده": { "lat": 36.12, "long": 48.59 },
      "سجاس": { "lat": 36.24, "long": 48.55 },
      "گرماب": { "lat": 35.85, "long": 48.2 },
      "محمودآبادزنجان": { "lat": 36.01, "long": 48.69 }
    },
    "خرمدره": {
      "خرمدره": { "lat": 36.25, "long": 49.16 }
    },
    "زنجان": {
      "تهم": { "lat": 36.79, "long": 48.57 },
      "زنجان": { "lat": 36.67, "long": 48.48 },
      "سرچم": { "lat": 37.13, "long": 47.87 }
    },
    "طارم": {
      "آب بر": { "lat": 36.92, "long": 48.97 },
      "درام": { "lat": 37.02, "long": 48.77 },
      "گیلوان": { "lat": 36.78, "long": 49.13 }
    },
    "ماه نشان": {
      "دندی": { "lat": 36.55, "long": 47.64 },
      "ماه نشان": { "lat": 36.74, "long": 47.66 }
    }
  },
  "سمنان": {
    "دامغان": {
      "آستانه سمنان": { "lat": 36.27, "long": 54.1 },
      "دامغان": { "lat": 36.17, "long": 54.35 },
      "دیباج": { "lat": 36.43, "long": 54.23 },
      "کلاته رودبار": { "lat": 36.357, "long": 54.145 },
      "معلمان": { "lat": 35.22, "long": 54.56 }
    },
    "سمنان": {
      "چاشم": { "lat": 35.9, "long": 53.26 },
      "سرخه": { "lat": 35.47, "long": 53.21 },
      "سمنان": { "lat": 35.58, "long": 53.39 },
      "شهمیرزاد": { "lat": 35.77, "long": 53.33 },
      "فولادمحله": { "lat": 36.06, "long": 53.7 },
      "مهدی شهر": { "lat": 35.71, "long": 53.35 }
    },
    "شاهرود": {
      "بسطام": { "lat": 36.48, "long": 55 },
      "بیارجمند": { "lat": 36.08, "long": 55.8 },
      "شاهرود": { "lat": 36.42, "long": 54.96 },
      "علی آباد(گلستان)": { "lat": 36.76, "long": 55.03 },
      "کلاته خیج": { "lat": 36.67, "long": 55.3 },
      "مجن": { "lat": 36.48, "long": 54.65 },
      "میامی": { "lat": 36.41, "long": 55.67 }
    },
    "گرمسار": {
      "ایوانکی": { "lat": 35.35, "long": 52.07 },
      "گرمسار": { "lat": 35.22, "long": 52.34 }
    }
  },
  "سیستان و بلوچستان": {
    "ایرنشهر": {
      "ایرانشهر": { "lat": 27.21, "long": 60.7 },
      "بزمان": { "lat": 27.86, "long": 60.18 },
      "بمپور": { "lat": 27.19, "long": 60.45 }
    },
    "چاه بهار": {
      "بریس": { "lat": 25.14, "long": 61.18 },
      "چابهار": { "lat": 25.29, "long": 60.67 },
      "زرآباد": { "lat": 25.59, "long": 59.41 },
      "قصرقند": { "lat": 26.21, "long": 60.74 },
      "کنارک": { "lat": 25.36, "long": 60.4 },
      "گواتر": { "lat": 25.16, "long": 61.5 },
      "نگور": { "lat": 25.39, "long": 61.14 }
    },
    "خاش": {
      "اسکل آباد": { "lat": 28.58, "long": 60.81 },
      "ایرندگان": { "lat": 27.57, "long": 61.05 },
      "خاش": { "lat": 28.22, "long": 61.21 },
      "ده پابید": { "lat": 28.61, "long": 60.78 },
      "سنگان سیستان و بلوچستان": { "lat": 28.59, "long": 61.3 },
      "کارواندر": { "lat": 27.84, "long": 60.76 },
      "گوهرکوه": { "lat": 28.41, "long": 60.51 }
    },
    "راسک": {
      "بندان": { "lat": 26.58, "long": 61.21 },
      "پیشین": { "lat": 26.08, "long": 61.77 },
      "جکیگور": { "lat": 26.12, "long": 61.52 },
      "سرباز": { "lat": 26.63, "long": 61.27 },
      "کافه بلوچی": { "lat": 26.74, "long": 61.56 }
    },
    "زابل": {
      "بنجار": { "lat": 31.04, "long": 61.56 },
      "تاسوکی": { "lat": 30.4, "long": 61.16 },
      "جزینک": { "lat": 30.84, "long": 61.63 },
      "دوست محمدخان": { "lat": 31.14, "long": 61.79 },
      "زابل": { "lat": 31.02, "long": 61.49 },
      "زهک": { "lat": 30.9, "long": 61.68 },
      "سفیدابه": { "lat": 30.98, "long": 60.53 },
      "لوطک": { "lat": 30.77, "long": 61.4 },
      "محمدآباد سیستان و بلوچستان": { "lat": 30.88, "long": 61.46 },
      "محمداباد ادیمی": { "lat": 31.12, "long": 61.44 }
    },
    "زاهدان": {
      "رزاق زاده": { "lat": 29.39, "long": 60.81 },
      "زاهدان": { "lat": 29.5, "long": 60.86 },
      "لاویز": { "lat": 28.92, "long": 61.3 },
      "میرجاوه": { "lat": 29.02, "long": 61.45 },
      "نصرت آباد سیستان و بلوچستان": { "lat": 29.85, "long": 59.98 }
    },
    "سراوان": {
      "جالق": { "lat": 27.6, "long": 62.71 },
      "رحمت آباد سوران": { "lat": 27.4, "long": 61.81 },
      "زابلی": { "lat": 27.14, "long": 61.68 },
      "سراوان سیستان و بلوچستان": { "lat": 27.37, "long": 62.34 },
      "سوران": { "lat": 27.29, "long": 62 },
      "کله گان": { "lat": 27.43, "long": 62.78 },
      "گشت": { "lat": 27.78, "long": 61.95 },
      "گلپورگان": { "lat": 27.22, "long": 62.55 },
      "ناهوک": { "lat": 27.63, "long": 62.34 },
      "نوک آباد": { "lat": 27.12, "long": 61.66 }
    },
    "نیکشهر": {
      "اسپکه": { "lat": 26.84, "long": 60.17 },
      "بنت": { "lat": 26.27, "long": 59.78 },
      "چانف": { "lat": 26.64, "long": 60.5 },
      "فنوج": { "lat": 26.58, "long": 59.65 },
      "نیک شهر": { "lat": 26.23, "long": 60.22 }
    }
  },
  "فارس": {
    "آباده": {
      "آباده": { "lat": 31.16, "long": 52.65 },
      "ایزدخواست": { "lat": 31.52, "long": 52.13 },
      "جنت آباد": { "lat": 31.16, "long": 52.58 },
      "سورمق": { "lat": 31.03, "long": 52.84 },
      "صغاد": { "lat": 31.2, "long": 52.51 }
    },
    "ارسنجان": {
      "ارسنجان": { "lat": 29.91, "long": 53.31 }
    },
    "استهبان": {
      "استهبان": { "lat": 29.14, "long": 54 },
      "ایج": { "lat": 29.02, "long": 54.24 }
    },
    "اقلید": {
      "آسپاس": { "lat": 30.64, "long": 52.4 },
      "اقلید": { "lat": 30.9, "long": 52.69 },
      "خسروشیرین": { "lat": 30.9, "long": 52 },
      "سده فارس": { "lat": 30.71, "long": 52.18 },
      "علی آباد فارس": { "lat": 30.77, "long": 52.56 }
    },
    "بوانات": {
      "بوانات": { "lat": 30.46, "long": 53.64 },
      "جلیان": { "lat": 30.49, "long": 53.59 },
      "خوانسار(فارس)": { "lat": 29.93, "long": 54.09 },
      "سروستان بوانات": { "lat": 30.37, "long": 53.83 },
      "مزایجان": { "lat": 30.3, "long": 53.8 }
    },
    "جهرم": {
      "باب انار": { "lat": 28.97, "long": 53.21 },
      "جهرم": { "lat": 28.5, "long": 53.55 },
      "خاوران": { "lat": 28.94, "long": 53.31 },
      "سیمکان": { "lat": 28.51, "long": 53.39 },
      "قطب آباد": { "lat": 28.64, "long": 53.64 }
    },
    "خرم بید": {
      "صفاشهر": { "lat": 30.61, "long": 53.19 },
      "قادرآباد": { "lat": 30.28, "long": 53.27 }
    },
    "داراب": {
      "جنت شهر": { "lat": 28.65, "long": 54.69 },
      "داراب": { "lat": 28.75, "long": 54.55 },
      "دولت آباد فارس": { "lat": 28.68, "long": 54.33 },
      "رستاق": { "lat": 28.44, "long": 55.08 },
      "فورگ": { "lat": 28.18, "long": 55.34 }
    },
    "زردین دشت": {
      "حاجی آباد فارس": { "lat": 28.36, "long": 54.42 },
      "خسویه": { "lat": 28.55, "long": 54.38 }
    },
    "سپیدان": {
      "سپیدان": { "lat": 30.27, "long": 51.98 }
    },
    "شیراز": {
      "اکبرآباد شیراز": { "lat": 29.25, "long": 52.77 },
      "بندامیر": { "lat": 29.77, "long": 52.85 },
      "خانه زنیان": { "lat": 29.67, "long": 52.13 },
      "خرامه": { "lat": 29.5, "long": 53.32 },
      "زرقان": { "lat": 29.77, "long": 52.7 },
      "سروستان شیراز": { "lat": 29.27, "long": 53.22 },
      "شیراز": { "lat": 29.61, "long": 52.53 },
      "فتح آباد": { "lat": 29.38, "long": 52.67 },
      "قلات": { "lat": 29.82, "long": 52.32 },
      "کوار": { "lat": 29.2, "long": 52.69 },
      "کوهمره": { "lat": 29.62, "long": 52.26 },
      "لپویی": { "lat": 29.8, "long": 52.65 }
    },
    "فسا": {
      "دیندارلو": { "lat": 28.92, "long": 54.11 },
      "زاهد شهر": { "lat": 28.76, "long": 53.79 },
      "ششده": { "lat": 28.95, "long": 54 },
      "فسا": { "lat": 28.94, "long": 53.65 }
    },
    "فیروزآباد": {
      "دهرم": { "lat": 28.49, "long": 52.3 },
      "فراشبند": { "lat": 28.86, "long": 52.09 },
      "فیروزآباد فارس": { "lat": 28.84, "long": 52.57 },
      "قیر": { "lat": 28.47, "long": 53.04 },
      "میمند": { "lat": 28.86, "long": 52.76 }
    },
    "کازرون": {
      "ابوالحیات": { "lat": 29.7, "long": 51.77 },
      "چنارشاهیجان": { "lat": 29.85, "long": 51.57 },
      "دریس": { "lat": 29.67, "long": 51.58 },
      "دشت برم": { "lat": 29.55, "long": 51.88 },
      "کازرون": { "lat": 29.62, "long": 51.65 },
      "کنارتخته": { "lat": 29.53, "long": 51.39 }
    },
    "لارستان": {
      "اوز فارس": { "lat": 27.77, "long": 54 },
      "بنارویه": { "lat": 28.08, "long": 54.03 },
      "بیرم": { "lat": 27.44, "long": 53.51 },
      "خنج": { "lat": 27.89, "long": 53.44 },
      "خور": { "lat": 27.64, "long": 54.34 },
      "درز": { "lat": 27.88, "long": 55.27 },
      "عمادده": { "lat": 27.45, "long": 53.87 },
      "فداغ": { "lat": 27.6, "long": 53.57 },
      "گراش": { "lat": 27.67, "long": 54.14 },
      "لار": { "lat": 27.66, "long": 54.32 },
      "منصورآباد(فارس)": { "lat": 28.26, "long": 54.03 },
      "هرمودباغ": { "lat": 27.53, "long": 54.99 }
    },
    "لامرد": {
      "احشام": { "lat": 27.45, "long": 53.34 },
      "اشکنان": { "lat": 27.23, "long": 53.61 },
      "چاه عینی": { "lat": 27.62, "long": 53 },
      "رکن آباد": { "lat": 27.23, "long": 53.44 },
      "لامرد": { "lat": 27.34, "long": 53.18 }
    },
    "مرودشت": {
      "درودزن": { "lat": 30.35, "long": 52.24 },
      "سعادت  شهر": { "lat": 30.08, "long": 53.13 },
      "مرودشت": { "lat": 29.87, "long": 52.79 }
    },
    "ممسنی": {
      "باباگوری": { "lat": 30.28, "long": 51.5 },
      "میشان": { "lat": 30.1, "long": 51.04 },
      "نورآباد ممسنی": { "lat": 30.11, "long": 51.54 }
    },
    "نی ریز": {
      "آباده طشک": { "lat": 29.81, "long": 53.72 },
      "قطروئیه": { "lat": 29.15, "long": 54.7 },
      "مشکان": { "lat": 29.48, "long": 54.34 },
      "نی ریز": { "lat": 29.2, "long": 54.33 }
    }
  },
  "قزوین": {
    "آبیک": {
      "آبیک": { "lat": 36.04, "long": 50.53 }
    },
    "بوئین زهرا": {
      "آبگرم": { "lat": 35.75, "long": 49.28 },
      "آوج": { "lat": 35.58, "long": 49.22 },
      "بوئین زهرا": { "lat": 35.77, "long": 50.06 },
      "دانسفهان": { "lat": 35.83, "long": 49.75 },
      "شال": { "lat": 35.9, "long": 49.76 }
    },
    "تاکستان": {
      "اسفرورین": { "lat": 35.94, "long": 49.74 },
      "تاکستان": { "lat": 36.07, "long": 49.7 },
      "ضیاآباد": { "lat": 36, "long": 49.47 },
      "نهاوند خرمدشت": { "lat": 35.93, "long": 49.52 }
    },
    "قزوین": {
      "اقبالیه": { "lat": 36.23, "long": 49.92 },
      "الوند": { "lat": 36.19, "long": 50.06 },
      "بهرام آباد زنجان": { "lat": 36.77, "long": 49.24 },
      "سیردان": { "lat": 36.65, "long": 49.19 },
      "شهرک صنعتی البرز": { "lat": 36.2, "long": 50.08 },
      "شهرک محمدیه": { "lat": 36.23, "long": 50.2 },
      "قزوین": { "lat": 36.27, "long": 50 },
      "محمودآباد(قزوین)": { "lat": 36.29, "long": 49.9 },
      "معلم کلایه": { "lat": 36.45, "long": 50.47 },
      "نیارک": { "lat": 36.52, "long": 49.42 }
    }
  },
  "قم": {
    "قم": {
      "باغیک": { "lat": 34.57, "long": 50.44 },
      "راهجرد": { "lat": 34.39, "long": 50.35 },
      "سلفچگان": { "lat": 34.48, "long": 50.47 },
      "طغرود": { "lat": 34.74, "long": 50.51 },
      "قم": { "lat": 34.64, "long": 50.88 },
      "کهک قم": { "lat": 34.4, "long": 50.87 },
      "گازران": { "lat": 34.78, "long": 50.51 },
      "نیزار": { "lat": 34.31, "long": 50.54 }
    }
  },
  "کردستان": {
    "بانه": {
      "آرمرده": { "lat": 35.93, "long": 45.8 },
      "بانه": { "lat": 35.99, "long": 45.89 }
    },
    "بیجار": {
      "بیجار": { "lat": 35.87, "long": 47.61 },
      "قزل بلاغ": { "lat": 36.24, "long": 47.25 },
      "یاسوکند": { "lat": 36.28, "long": 47.75 }
    },
    "دیواندره": {
      "دیواندره": { "lat": 35.91, "long": 47.02 },
      "زرینه": { "lat": 36.06, "long": 46.92 },
      "علی آباد کردستان": { "lat": 36.32, "long": 46.98 }
    },
    "سروآباد": {
      "سروآباد": { "lat": 35.32, "long": 46.34 }
    },
    "سقز": {
      "سرا": { "lat": 36.38, "long": 46.21 },
      "سقز": { "lat": 36.24, "long": 46.28 },
      "سنته": { "lat": 36.16, "long": 46.57 },
      "سوته": { "lat": 35.95, "long": 46.33 }
    },
    "سنندج": {
      "تیژ تیژ": { "lat": 35.37, "long": 46.69 },
      "حسین آباد کردستان": { "lat": 35.55, "long": 47.13 },
      "سنندج": { "lat": 35.31, "long": 47 }
    },
    "قروه": {
      "داشبلاغ": { "lat": 35, "long": 48.12 },
      "دهگلان": { "lat": 35.28, "long": 47.42 },
      "سریش آباد": { "lat": 35.25, "long": 47.78 },
      "قروه": { "lat": 35.17, "long": 47.8 }
    },
    "کامیاران": {
      "دیزگران": { "lat": 34.8, "long": 47.09 },
      "کامیاران": { "lat": 34.8, "long": 46.94 },
      "گشکی": { "lat": 34.9, "long": 46.76 },
      "موچش": { "lat": 35.06, "long": 47.15 }
    },
    "مریوان": {
      "آگجه": { "lat": 35.76, "long": 46.44 },
      "باشماق": { "lat": 35.61, "long": 46.03 },
      "مریوان": { "lat": 35.53, "long": 46.18 }
    }
  },
  "کرمان": {
    "بافت": {
      "ارزوئیه": { "lat": 28.46, "long": 56.36 },
      "بافت": { "lat": 29.24, "long": 56.6 },
      "خبر بافت": { "lat": 28.82, "long": 56.35 },
      "رابر": { "lat": 29.29, "long": 56.91 },
      "وکیل آباد کرمان": { "lat": 28.46, "long": 56.1 }
    },
    "بردسیر": {
      "بردسیر": { "lat": 29.93, "long": 56.57 },
      "نگار": { "lat": 29.86, "long": 56.8 }
    },
    "بم": {
      "بروات": { "lat": 29.06, "long": 58.41 },
      "بم": { "lat": 29.11, "long": 58.36 },
      "دارزین": { "lat": 29.18, "long": 58.12 },
      "دهبکری": { "lat": 29.08, "long": 57.92 },
      "رحمت آباد ریکان": { "lat": 28.65, "long": 59.02 },
      "رستم آباد کرمان": { "lat": 28.95, "long": 58.69 }
    },
    "جیرفت": {
      "بلوک": { "lat": 28.23, "long": 57.51 },
      "جیرفت": { "lat": 28.67, "long": 57.74 },
      "ساردوئیه": { "lat": 29.24, "long": 57.33 },
      "عنبرآباد": { "lat": 28.47, "long": 57.85 }
    },
    "راور": {
      "راور": { "lat": 31.27, "long": 56.81 }
    },
    "رفسنجان": {
      "انار": { "lat": 30.87, "long": 55.27 },
      "بیاض": { "lat": 30.7, "long": 55.45 },
      "داوران": { "lat": 30.6, "long": 56.26 },
      "رفسنجان": { "lat": 30.41, "long": 55.99 },
      "شمش": { "lat": 31.04, "long": 55.05 },
      "مانی": { "lat": 30, "long": 55.72 }
    },
    "زرند": {
      "ده علی": { "lat": 31.44, "long": 56.02 },
      "زرند": { "lat": 30.81, "long": 56.57 },
      "کوهبنان": { "lat": 31.41, "long": 56.28 }
    },
    "سیرجان": {
      "پاریز": { "lat": 29.87, "long": 55.75 },
      "سرچشمه": { "lat": 30, "long": 55.8 },
      "سیرجان": { "lat": 29.45, "long": 55.67 }
    },
    "شهر بابک": {
      "جوزم": { "lat": 30.51, "long": 55.04 },
      "خاتون آباد(شهربابک)": { "lat": 30, "long": 55.42 },
      "دهج": { "lat": 30.7, "long": 54.89 },
      "شهربابک": { "lat": 30.12, "long": 55.12 }
    },
    "کرمان": {
      "اندوهجرد": { "lat": 30.23, "long": 57.76 },
      "باغین": { "lat": 30.19, "long": 56.82 },
      "جوپار": { "lat": 30.06, "long": 57.11 },
      "جوشان": { "lat": 30.12, "long": 57.61 },
      "چترود": { "lat": 30.6, "long": 56.91 },
      "حسین آباد گروه": { "lat": 29.37, "long": 57.46 },
      "راین": { "lat": 29.6, "long": 57.44 },
      "زنگی آباد": { "lat": 30.42, "long": 56.91 },
      "سیرچ": { "lat": 30.21, "long": 57.54 },
      "شفیع آبادکرمان": { "lat": 30.54, "long": 57.77 },
      "شهداد": { "lat": 30.42, "long": 57.71 },
      "کرمان": { "lat": 30.29, "long": 57.07 },
      "کوهپایه": { "lat": 30.49, "long": 57.27 },
      "گلباف": { "lat": 29.88, "long": 57.73 },
      "ماهان": { "lat": 30.06, "long": 57.29 }
    },
    "کهنوج": {
      "اسلام آباد جیرفت": { "lat": 28.03, "long": 58 },
      "چاه ریگان": { "lat": 27.34, "long": 58.12 },
      "زهکلوت": { "lat": 27.79, "long": 58.59 },
      "فاریاب کرمان": { "lat": 28.09, "long": 57.23 },
      "قلعه گنج": { "lat": 27.52, "long": 57.88 },
      "کهنوج": { "lat": 27.94, "long": 57.7 }
    },
    "منوجان": {
      "منوجان": { "lat": 27.41, "long": 57.5 }
    }
  },
  "کرمانشاه": {
    "اسلام آباد غرب": {
      "اسلام آباد غرب": { "lat": 34.11, "long": 46.53 },
      "بابا یادگار": { "lat": 34.54, "long": 45.96 },
      "حمیل": { "lat": 33.93, "long": 46.78 },
      "کرند": { "lat": 34.28, "long": 46.24 },
      "گهواره": { "lat": 34.35, "long": 46.42 }
    },
    "پاوه": {
      "باینگان": { "lat": 34.98, "long": 46.27 },
      "پاوه": { "lat": 35.04, "long": 46.37 },
      "دوآب نوسود": { "lat": 35.12, "long": 46.26 },
      "نودشه": { "lat": 35.18, "long": 46.26 },
      "نوسود": { "lat": 35.17, "long": 46.21 }
    },
    "ثلاث باباجانی": {
      "تازه آباد کرمانشاه": { "lat": 34.74, "long": 46.16 },
      "شیخ سله": { "lat": 34.96, "long": 45.93 }
    },
    "جوانرود": {
      "جوانرود": { "lat": 34.8, "long": 46.5 },
      "روانسر": { "lat": 34.71, "long": 46.66 }
    },
    "سر پل ذهاب": {
      "بزمیرآباد": { "lat": 34.62, "long": 45.99 },
      "سرآب ذهاب": { "lat": 34.62, "long": 45.83 },
      "سرپل ذهاب": { "lat": 34.46, "long": 45.86 }
    },
    "سنقر": {
      "سنقر": { "lat": 34.78, "long": 47.6 }
    },
    "صحنه": {
      "آب باریک": { "lat": 34.5, "long": 47.61 },
      "جیحون آباد": { "lat": 34.57, "long": 47.52 },
      "صحنه": { "lat": 34.48, "long": 47.68 },
      "میان راهان": { "lat": 34.58, "long": 47.45 }
    },
    "قصر شیرین": {
      "خسروی": { "lat": 34.39, "long": 45.47 },
      "سومار": { "lat": 33.87, "long": 45.65 },
      "قصرشیرین": { "lat": 34.51, "long": 45.57 },
      "نفت شهر": { "lat": 34, "long": 45.49 }
    },
    "کرمانشاه": {
      "چهارزبر": { "lat": 34.23, "long": 46.68 },
      "قزانچی": { "lat": 34.44, "long": 47.03 },
      "قزقبری": { "lat": 34.47, "long": 46.74 },
      "قلعه شاهخانی": { "lat": 34.73, "long": 46.9 },
      "کرمانشاه": { "lat": 34.31, "long": 47.06 },
      "کوزران": { "lat": 34.5, "long": 46.6 },
      "ماهیدشت کرمانشاه": { "lat": 34.27, "long": 46.8 },
      "هلشی": { "lat": 34.11, "long": 47.09 }
    },
    "کنگاور": {
      "کنگاور": { "lat": 34.5, "long": 47.96 }
    },
    "گیلان غرب": {
      "سرمست گوار": { "lat": 34.02, "long": 46.34 },
      "شیخ جبرئیل": { "lat": 33.88, "long": 46.6 },
      "گورسفید": { "lat": 34.22, "long": 45.85 },
      "گیلانغرب": { "lat": 34.14, "long": 45.92 }
    },
    "هرسین": {
      "بیستون": { "lat": 34.4, "long": 47.44 },
      "شیرازی سفلی": { "lat": 34.15, "long": 47.39 },
      "هرسین": { "lat": 34.27, "long": 47.58 }
    }
  },
  "کهگیلویه و بویراحمد": {
    "بویراحمد": {
      "مارگون": { "lat": 30.99, "long": 51.08 },
      "یاسوج": { "lat": 30.67, "long": 51.6 }
    },
    "دنا": {
      "پاتاوه": { "lat": 30.96, "long": 51.25 },
      "سی سخت": { "lat": 30.85, "long": 51.46 },
      "میمند(یاسوج)": { "lat": 31.14, "long": 51.27 }
    },
    "کهکیلویه": {
      "چرام": { "lat": 30.75, "long": 50.74 },
      "دهدشت": { "lat": 30.79, "long": 50.57 },
      "دیشموک": { "lat": 31.29, "long": 50.41 },
      "سادات": { "lat": 30.79, "long": 51.04 },
      "سرفاریاب": { "lat": 30.8, "long": 50.85 },
      "سوق": { "lat": 30.86, "long": 50.46 },
      "لنده": { "lat": 30.98, "long": 50.43 },
      "لیکک": { "lat": 30.9, "long": 50.09 }
    },
    "گچساران": {
      "باشت": { "lat": 30.35, "long": 51.17 },
      "دوگنبدان": { "lat": 30.36, "long": 50.79 }
    }
  },
  "گلستان": {
    "آزادشهر": {
      "آزادشهر": { "lat": 37.08, "long": 55.18 }
    },
    "آق قلا": {
      "آق قلا": { "lat": 37.01, "long": 54.46 }
    },
    "بندرگز": {
      "بندر گز": { "lat": 36.77, "long": 53.95 },
      "نوکنده": { "lat": 36.75, "long": 53.92 }
    },
    "ترکمن": {
      "بندر ترکمن": { "lat": 36.89, "long": 54.07 },
      "گمیشان": { "lat": 37.07, "long": 54.08 }
    },
    "رامیان": {
      "خان ببین": { "lat": 37.01, "long": 54.99 },
      "دلند": { "lat": 37.03, "long": 55.03 },
      "رامیان": { "lat": 37.02, "long": 55.14 }
    },
    "علی آباد": {
      "علی‌آباد کتول": { "lat": 36.94, "long": 54.57 },
      "فاضل آباد گلستان": { "lat": 36.9, "long": 54.75 }
    },
    "کردکوی": {
      "کرد کوی": { "lat": 36.8, "long": 54.11 }
    },
    "کلاله": {
      "کلاله": { "lat": 37.38, "long": 55.49 },
      "مراوه تپه": { "lat": 37.9, "long": 55.95 }
    },
    "گرگان": {
      "تقی آباد گلستان": { "lat": 36.87, "long": 54.63 },
      "گرگان": { "lat": 36.84, "long": 54.44 }
    },
    "گنبدکاووس": {
      "اینچه برون": { "lat": 37.45, "long": 54.71 },
      "گنبد کاووس": { "lat": 37.25, "long": 55.17 }
    },
    "مینودشت": {
      "گالیکش": { "lat": 37.27, "long": 55.43 },
      "مینودشت": { "lat": 37.23, "long": 55.36 }
    }
  },
  "گیلان": {
    "آستارا": {
      "آستارا": { "lat": 38.44, "long": 48.87 },
      "حیران": { "lat": 38.4, "long": 48.61 },
      "لوندویل": { "lat": 38.3, "long": 48.88 }
    },
    "آستانه اشرفیه": {
      "آستانه اشرفیه": { "lat": 37.26, "long": 49.94 },
      "کناردریا": { "lat": 37.39, "long": 50.09 },
      "کیاشهر": { "lat": 37.42, "long": 49.95 }
    },
    "املش": {
      "املش": { "lat": 37.1, "long": 50.19 }
    },
    "بندرانزلی": {
      "آبکنار": { "lat": 37.47, "long": 49.32 },
      "بندر انزلی": { "lat": 37.47, "long": 49.46 },
      "حسن رود": { "lat": 37.46, "long": 49.62 },
      "کپورچال": { "lat": 37.55, "long": 49.23 }
    },
    "رشت": {
      "امین آباد گیلان": { "lat": 37.44, "long": 49.8 },
      "پیربازار": { "lat": 37.34, "long": 49.55 },
      "خشک بیجار": { "lat": 37.37, "long": 49.76 },
      "خمام": { "lat": 37.39, "long": 49.66 },
      "رشت": { "lat": 37.28, "long": 49.58 },
      "رودبارکی": { "lat": 37.26, "long": 49.81 },
      "زیباکنار": { "lat": 37.43, "long": 49.87 },
      "سراوان گیلان": { "lat": 37.12, "long": 49.66 },
      "سنگر": { "lat": 37.18, "long": 49.69 },
      "شیجان": { "lat": 37.43, "long": 49.57 },
      "کته سر": { "lat": 37.37, "long": 49.69 },
      "کوچصفهان": { "lat": 37.28, "long": 49.77 },
      "لاکان": { "lat": 37.17, "long": 49.57 },
      "لشت نشا": { "lat": 37.36, "long": 49.86 }
    },
    "رضوانشهر": {
      "پره سر": { "lat": 37.6, "long": 49.07 },
      "پونل": { "lat": 37.53, "long": 49.11 },
      "رضوانشهر": { "lat": 37.55, "long": 49.14 }
    },
    "رودبار": {
      "توتکابن": { "lat": 36.89, "long": 49.53 },
      "جیرنده": { "lat": 36.7, "long": 49.79 },
      "رستم آباد گیلان": { "lat": 36.9, "long": 49.5 },
      "رودبار": { "lat": 36.81, "long": 49.41 },
      "کلیشم": { "lat": 36.74, "long": 49.94 },
      "لوشان": { "lat": 36.62, "long": 49.51 },
      "منجیل": { "lat": 36.75, "long": 49.4 }
    },
    "رودسر": {
      "چابکسر": { "lat": 36.98, "long": 50.57 },
      "چینی جان": { "lat": 37.15, "long": 50.26 },
      "دریا وارسر": { "lat": 37.12, "long": 50.32 },
      "رحیم آباد گیلان": { "lat": 37.03, "long": 50.33 },
      "رودسر": { "lat": 37.13, "long": 50.29 },
      "کلاچای": { "lat": 37.08, "long": 50.4 },
      "کلان کلایه": { "lat": 37.05, "long": 50.29 },
      "گیل کلایه": { "lat": 37.09, "long": 50.37 }
    },
    "سیاهکل": {
      "دیلمان": { "lat": 36.89, "long": 49.91 },
      "سیاهکل": { "lat": 37.15, "long": 49.87 }
    },
    "شفت": {
      "احمد سرگوراب": { "lat": 37.13, "long": 49.37 },
      "جیرده": { "lat": 37.18, "long": 49.48 },
      "چوبر": { "lat": 37.09, "long": 49.42 },
      "شفت": { "lat": 37.17, "long": 49.4 },
      "ملاسرا": { "lat": 37.27, "long": 49.46 },
      "نصیرمحله": { "lat": 37.12, "long": 49.34 }
    },
    "صومعه سرا": {
      "بازار جمعه": { "lat": 37.28, "long": 49.38 },
      "پیرسرا": { "lat": 37.33, "long": 49.24 },
      "شیخ محله گیلان": { "lat": 37.35, "long": 49.43 },
      "صومعه سرا": { "lat": 37.3, "long": 49.31 },
      "ضیابر": { "lat": 37.44, "long": 49.25 },
      "طاهر گوراب": { "lat": 37.38, "long": 49.22 },
      "کسما": { "lat": 37.33, "long": 49.3 },
      "کلید بر": { "lat": 37.38, "long": 49.25 },
      "گلسر": { "lat": 37.4, "long": 49.33 },
      "گوراب زرمیخ": { "lat": 37.3, "long": 49.22 }
    },
    "طوالش": {
      "اسالم": { "lat": 37.72, "long": 48.96 },
      "تالش": { "lat": 37.8, "long": 48.9 },
      "حویق": { "lat": 38.15, "long": 48.89 },
      "لیسار": { "lat": 37.96, "long": 48.91 }
    },
    "فومن": {
      "فومن": { "lat": 37.22, "long": 49.31 },
      "کردمحله": { "lat": 37.17, "long": 49.28 },
      "کوریه": { "lat": 37.23, "long": 49.14 },
      "ماسوله": { "lat": 37.15, "long": 48.99 }
    },
    "لاهیجان": {
      "بازکیاگوراب": { "lat": 37.22, "long": 49.96 },
      "رودبنه": { "lat": 37.26, "long": 50 },
      "شیرجوپشت": { "lat": 37.26, "long": 50.08 },
      "لاهیجان": { "lat": 37.21, "long": 50 }
    },
    "لنگرود": {
      "چاف": { "lat": 37.28, "long": 50.22 },
      "خرما": { "lat": 37.07, "long": 49.99 },
      "شلمان": { "lat": 37.16, "long": 50.22 },
      "کومله": { "lat": 37.15, "long": 50.18 },
      "لنگرود": { "lat": 37.19, "long": 50.15 }
    },
    "ماسال": {
      "شاندرمن": { "lat": 37.41, "long": 49.12 },
      "ماسال": { "lat": 37.36, "long": 49.13 }
    }
  },
  "لرستان": {
    "ازنا": {
      "ازنا": { "lat": 33.46, "long": 49.46 },
      "قاقان": { "lat": 33.66, "long": 49.5 }
    },
    "الیگودرز": {
      "الیگودرز": { "lat": 33.4, "long": 49.69 },
      "بشارت": { "lat": 32.9, "long": 49.64 },
      "شول آباد": { "lat": 33.18, "long": 49.2 }
    },
    "بروجرد": {
      "اشترینان": { "lat": 34.02, "long": 48.64 },
      "بروجرد": { "lat": 33.89, "long": 48.76 },
      "قلعه نو": { "lat": 34.02, "long": 48.92 }
    },
    "پلدختر": {
      "بابازید": { "lat": 33.22, "long": 47.74 },
      "پلدختر": { "lat": 33.15, "long": 47.71 },
      "معمولان": { "lat": 33.41, "long": 47.97 }
    },
    "خرم آباد": {
      "چغلوندی": { "lat": 33.65, "long": 48.56 },
      "خرم آباد": { "lat": 33.49, "long": 48.36 },
      "سپید دشت": { "lat": 33.22, "long": 48.88 }
    },
    "دلفان": {
      "تمرک": { "lat": 34.26, "long": 47.68 },
      "نورآباد لرستان": { "lat": 34.08, "long": 47.97 }
    },
    "دورود": {
      "چالان چولان": { "lat": 33.6, "long": 48.91 },
      "دورود": { "lat": 33.48, "long": 49.06 }
    },
    "سلسله": {
      "الشتر": { "lat": 33.86, "long": 48.26 },
      "فیروزآباد لرستان": { "lat": 33.9, "long": 48.11 },
      "کاکارضا": { "lat": 33.72, "long": 48.26 }
    },
    "کوهدشت": {
      "چقابل": { "lat": 33.28, "long": 47.52 },
      "شاهزاده محمد": { "lat": 33.69, "long": 47.15 },
      "کوهدشت": { "lat": 33.53, "long": 47.61 },
      "گراب": { "lat": 33.47, "long": 47.24 },
      "گونانی": { "lat": 33.4, "long": 47.34 }
    }
  },
  "مازندران": {
    "آمل": {
      "آب اسک": { "lat": 35.87, "long": 52.16 },
      "آمل": { "lat": 36.47, "long": 52.35 },
      "آهنگرکلا": { "lat": 36.6, "long": 52.47 },
      "امامزاده عبدالله": { "lat": 36.41, "long": 52.3 },
      "امین آباد مازندران": { "lat": 36.53, "long": 52.43 },
      "بایجان": { "lat": 35.96, "long": 52.27 },
      "پلور": { "lat": 35.85, "long": 52.05 },
      "درویش خیل": { "lat": 36.48, "long": 52.45 },
      "گزنک": { "lat": 35.9, "long": 52.22 },
      "ولیسده": { "lat": 36.46, "long": 52.28 }
    },
    "بابل": {
      "امیرکلا": { "lat": 36.59, "long": 52.67 },
      "بابل": { "lat": 36.54, "long": 52.68 },
      "زرگرمحله": { "lat": 36.52, "long": 52.58 },
      "کلاگرمحله": { "lat": 36.49, "long": 52.6 },
      "گلوگاه(بابل)": { "lat": 36.31, "long": 52.63 },
      "مرزیکلا": { "lat": 36.39, "long": 52.73 }
    },
    "بابلسر": {
      "بابلسر": { "lat": 36.7, "long": 52.65 },
      "بهنمیر": { "lat": 36.66, "long": 52.77 },
      "دریاکنار": { "lat": 36.69, "long": 52.61 },
      "رودبست": { "lat": 36.64, "long": 52.61 },
      "سرخرود": { "lat": 36.67, "long": 52.44 },
      "فریدونکنار": { "lat": 36.68, "long": 52.51 },
      "میربازار": { "lat": 36.64, "long": 52.64 }
    },
    "بهشهر": {
      "بهشهر": { "lat": 36.69, "long": 53.54 },
      "رستم کلا": { "lat": 36.68, "long": 53.43 },
      "زاغمرز": { "lat": 36.81, "long": 53.31 },
      "سفیدچال": { "lat": 36.6, "long": 53.89 },
      "گلوگاه": { "lat": 36.73, "long": 53.81 }
    },
    "تنکابن": {
      "اشکور": { "lat": 36.64, "long": 50.72 },
      "پل سرا": { "lat": 36.71, "long": 50.99 },
      "تنکابن": { "lat": 36.82, "long": 50.88 },
      "خرم آباد تنکابن": { "lat": 36.78, "long": 50.87 },
      "سلمانشهر": { "lat": 36.71, "long": 51.2 },
      "عباس آباد مازندران": { "lat": 36.73, "long": 51.11 },
      "کترا": { "lat": 36.73, "long": 50.99 },
      "کلارآباد": { "lat": 36.7, "long": 51.26 },
      "نشتارود": { "lat": 36.75, "long": 51.03 },
      "ولی آباد تنکابن": { "lat": 36.78, "long": 50.94 }
    },
    "جویبار": {
      "جویبار": { "lat": 36.65, "long": 52.91 },
      "کوه خیل": { "lat": 36.69, "long": 52.91 },
      "لاریم": { "lat": 36.73, "long": 52.96 }
    },
    "چالوس": {
      "چالوس": { "lat": 36.65, "long": 51.42 },
      "دوآب مازندران": { "lat": 36.5, "long": 51.33 },
      "سردآبرود": { "lat": 36.69, "long": 51.4 },
      "کلاردشت": { "lat": 36.51, "long": 51.16 },
      "مرزن آباد": { "lat": 36.45, "long": 51.3 },
      "نوشهر": { "lat": 36.65, "long": 51.51 }
    },
    "رامسر": {
      "جواهرده": { "lat": 36.86, "long": 50.48 },
      "چورته": { "lat": 36.77, "long": 50.53 },
      "رامسر": { "lat": 36.92, "long": 50.64 },
      "سادات محله": { "lat": 36.88, "long": 50.7 },
      "کتالم": { "lat": 36.88, "long": 50.72 }
    },
    "ساری": {
      "تازه آباد مازندران": { "lat": 36.82, "long": 53.12 },
      "تاکام": { "lat": 36.36, "long": 53.18 },
      "خزرآباد": { "lat": 36.8, "long": 53.09 },
      "ساری": { "lat": 36.57, "long": 53.06 },
      "علی آباد مازندران": { "lat": 36.18, "long": 53.26 },
      "محمدآباد مازندران": { "lat": 36.17, "long": 53.33 },
      "معلم کلا": { "lat": 36.61, "long": 53.1 }
    },
    "سوادکوه": {
      "آزادمهر": { "lat": 36.15, "long": 53.03 },
      "آلاشت": { "lat": 36.07, "long": 52.84 },
      "پل سفید": { "lat": 36.12, "long": 53.06 },
      "زرشک دره": { "lat": 35.92, "long": 53.1 },
      "زیرآب مازندران": { "lat": 36.18, "long": 52.97 },
      "شارقلت": { "lat": 36.26, "long": 52.79 },
      "شیرگاه": { "lat": 36.3, "long": 52.89 },
      "کلیج خیل": { "lat": 36.32, "long": 52.85 },
      "لاجیم": { "lat": 36.25, "long": 53.11 }
    },
    "قائم شهر": {
      "سنگتاب": { "lat": 36.56, "long": 52.81 },
      "قائمشهر": { "lat": 36.46, "long": 52.86 },
      "کیاکلا": { "lat": 36.58, "long": 52.81 }
    },
    "محمود آباد": {
      "سیاهکلا": { "lat": 36.66, "long": 52.39 },
      "کلوده": { "lat": 36.56, "long": 52.31 },
      "محمودآباد مازندران": { "lat": 36.63, "long": 52.26 }
    },
    "نکاء": {
      "اسطلخ پشت": { "lat": 36.47, "long": 53.47 },
      "گهرباران": { "lat": 36.83, "long": 53.18 },
      "نکا": { "lat": 36.65, "long": 53.3 }
    },
    "نور": {
      "اوز تهران": { "lat": 36.2, "long": 51.66 },
      "بلده": { "lat": 36.2, "long": 51.81 },
      "چمستان": { "lat": 36.48, "long": 52.12 },
      "علمده": { "lat": 36.57, "long": 51.96 },
      "گاسکرمحله": { "lat": 36.54, "long": 51.95 },
      "نور": { "lat": 36.58, "long": 52.01 }
    },
    "نوشهر": {
      "کجور": { "lat": 36.39, "long": 51.74 },
      "ونوش": { "lat": 36.57, "long": 51.87 }
    }
  },
  "مرکزی": {
    "آشتیان": {
      "آشتیان": { "lat": 34.53, "long": 50 },
      "صالح آباد مرکزی": { "lat": 34.38, "long": 50.2 }
    },
    "اراک": {
      "ابراهیم آباد": { "lat": 34.2, "long": 50.05 },
      "اراک": { "lat": 34.09, "long": 49.69 },
      "کمیجان": { "lat": 34.72, "long": 49.32 },
      "گلاوند": { "lat": 34.33, "long": 49.04 }
    },
    "تفرش": {
      "تفرش": { "lat": 34.69, "long": 50.02 },
      "شیرین آباد فرمهین": { "lat": 34.64, "long": 49.59 },
      "فرمهین": { "lat": 34.5, "long": 49.69 }
    },
    "خمین": {
      "خمین": { "lat": 33.64, "long": 50.08 },
      "دهنو": { "lat": 33.46, "long": 49.9 }
    },
    "ساوه": {
      "زاویه": { "lat": 35.38, "long": 50.58 },
      "ساوه": { "lat": 35.03, "long": 50.37 },
      "غرق آباد": { "lat": 35.11, "long": 49.84 },
      "مامونیه": { "lat": 35.38, "long": 50.58 },
      "نوبران": { "lat": 35.13, "long": 49.71 }
    },
    "شازند": {
      "شازند": { "lat": 33.93, "long": 49.41 },
      "مالمیر": { "lat": 33.75, "long": 49.13 }
    },
    "محلات": {
      "محلات": { "lat": 33.91, "long": 50.45 },
      "نیمور": { "lat": 33.89, "long": 50.57 }
    },
    "مرکزی": {
      "دلیجان": { "lat": 33.99, "long": 50.68 },
      "دودهک": { "lat": 34.13, "long": 50.57 }
    }
  },
  "هرمزگان": {
    "بستک": {
      "بستک": { "lat": 27.2, "long": 54.36 }
    },
    "بندرعباس": {
      "اسکله شهید باهنر": { "lat": 27.17, "long": 56.21 },
      "اسکله شهید رجایی": { "lat": 27.12, "long": 56.07 },
      "بندر خمیر": { "lat": 26.95, "long": 55.59 },
      "بندر عباس": { "lat": 27.18, "long": 56.28 },
      "تخت": { "lat": 27.5, "long": 56.63 },
      "سیاهو": { "lat": 27.76, "long": 56.33 },
      "شمیل": { "lat": 27.5, "long": 56.87 },
      "فین هرمزگان": { "lat": 27.62, "long": 55.9 },
      "کهورستان": { "lat": 27.22, "long": 55.56 },
      "گنو": { "lat": 27.43, "long": 56.17 }
    },
    "بندرلنگه": {
      "بندر گنگ": { "lat": 26.6, "long": 54.94 },
      "بندر مقام": { "lat": 26.97, "long": 53.48 },
      "بندرچارک": { "lat": 26.73, "long": 54.27 },
      "بندرلنگه": { "lat": 26.55, "long": 54.88 },
      "پارسیان": { "lat": 27.21, "long": 53.03 },
      "کیش": { "lat": 26.53, "long": 53.98 }
    },
    "جاسک": {
      "جاسک": { "lat": 25.65, "long": 57.78 },
      "جکدان": { "lat": 26.44, "long": 57.75 },
      "کاروان": { "lat": 25.68, "long": 59.14 }
    },
    "حاجی آباد": {
      "حاجی آباد هرمزگان": { "lat": 28.31, "long": 55.89 },
      "فارغان": { "lat": 28.02, "long": 56.26 }
    },
    "رودان": {
      "جغین": { "lat": 27.21, "long": 57.32 },
      "دهبارز": { "lat": 27.47, "long": 57.26 },
      "راهدار": { "lat": 27.75, "long": 57.22 },
      "زیارتعلی": { "lat": 27.87, "long": 57.27 },
      "فاریاب هرمزگان": { "lat": 27.47, "long": 57.09 }
    },
    "قشم": {
        "قشم": { "lat": 26.958056, "long": 56.271944 }
    },
    "میناب": {
      "درپهن": { "lat": 26.64, "long": 57.57 },
      "سندرک": { "lat": 26.84, "long": 57.43 },
      "سیریک": { "lat": 26.52, "long": 57.1 },
      "کلاهی": { "lat": 27.06, "long": 56.88 },
      "میناب": { "lat": 27.15, "long": 57.08 }
    }
  },
  "همدان": {
    "اسدآباد": {
      "آجین": { "lat": 34.72, "long": 47.94 },
      "اسدآباد همدان": { "lat": 34.78, "long": 48.12 }
    },
    "بهار": {
      "بهار": { "lat": 34.9, "long": 48.45 },
      "صالح آباد همدان": { "lat": 34.92, "long": 48.34 },
      "لالجین": { "lat": 34.97, "long": 48.48 }
    },
    "تویسرکان": {
      "اشتران": { "lat": 34.63, "long": 48.3 },
      "تویسرکان": { "lat": 34.55, "long": 48.45 },
      "سرکان": { "lat": 34.6, "long": 48.45 },
      "فرسفج": { "lat": 34.49, "long": 48.29 },
      "وردآورد": { "lat": 34.7, "long": 48.31 }
    },
    "رزن": {
      "دمق": { "lat": 35.45, "long": 48.82 },
      "رزن": { "lat": 35.38, "long": 49.03 },
      "سوزن": { "lat": 35.29, "long": 49.15 },
      "قروه درجزین": { "lat": 35.31, "long": 49.1 }
    },
    "کبودرآهنگ": {
      "آقبلاغ": { "lat": 35.61, "long": 48.44 },
      "اکنلو": { "lat": 35.61, "long": 48.19 },
      "اورقین": { "lat": 35.28, "long": 48.69 },
      "بشیک تپه": { "lat": 35.54, "long": 48.42 },
      "علی صدر": { "lat": 35.31, "long": 48.3 },
      "کبودرآهنگ": { "lat": 35.21, "long": 48.72 },
      "کوریجان": { "lat": 35.1, "long": 48.76 },
      "گل تپه": { "lat": 35.22, "long": 48.21 }
    },
    "ملایر": {
      "جوراب": { "lat": 34.23, "long": 48.86 },
      "جوکار": { "lat": 34.43, "long": 48.69 },
      "خردمند": { "lat": 34.63, "long": 48.93 },
      "سامن": { "lat": 34.21, "long": 48.71 },
      "طاسبندی": { "lat": 34.56, "long": 48.75 },
      "گاماسیاب": { "lat": 34.23, "long": 49.08 },
      "ملایر": { "lat": 34.29, "long": 48.82 }
    },
    "نهاوند": {
      "برزول": { "lat": 34.21, "long": 48.26 },
      "فیروزان": { "lat": 34.36, "long": 48.11 },
      "گیان": { "lat": 34.18, "long": 48.24 },
      "نهاوند": { "lat": 34.19, "long": 48.37 }
    },
    "همدان": {
      "سیاه کمر": { "lat": 34.74, "long": 48.75 },
      "فامنین": { "lat": 35.12, "long": 48.97 },
      "قهاوند": { "lat": 34.86, "long": 49 },
      "مسلم آباد": { "lat": 34.67, "long": 48.91 },
      "همدان": { "lat": 34.8, "long": 48.51 }
    }
  },
  "یزد": {
    "ابرکوه": {
      "ابرکوه": { "lat": 31.13, "long": 53.29 },
      "مهرآبادیزد": { "lat": 31.03, "long": 53.34 }
    },
    "اردکان": {
      "اردکان": { "lat": 32.31, "long": 54.02 },
      "خرانق": { "lat": 32.34, "long": 54.66 },
      "رباط پشت بادام": { "lat": 33.01, "long": 55.57 },
      "ساغند": { "lat": 32.53, "long": 55.25 },
      "عقدا": { "lat": 32.44, "long": 53.66 },
      "هامانه": { "lat": 32.38, "long": 54.58 }
    },
    "بافق": {
      "بافق": { "lat": 31.6, "long": 55.41 },
      "بهاباد": { "lat": 31.87, "long": 56.02 }
    },
    "تفت": {
      "تفت": { "lat": 31.74, "long": 54.2 },
      "ده بالا": { "lat": 31.62, "long": 54.13 },
      "دهشیر": { "lat": 31.45, "long": 53.76 },
      "زردین": { "lat": 31.44, "long": 54.24 },
      "سخوید": { "lat": 31.49, "long": 54.06 },
      "طرزجان": { "lat": 31.61, "long": 54.18 },
      "کهدوئیه": { "lat": 31.39, "long": 53.92 },
      "گاریز": { "lat": 31.3, "long": 54.11 },
      "نیر یزد": { "lat": 31.48, "long": 54.13 }
    },
    "خاتم": {
      "توتک": { "lat": 30.28, "long": 53.99 },
      "مروست": { "lat": 30.47, "long": 54.21 },
      "هرات یزد": { "lat": 30.08, "long": 54.36 }
    },
    "صدوق": {
      "خضرآباد": { "lat": 31.87, "long": 53.97 },
      "ندوشن": { "lat": 32.02, "long": 53.55 }
    },
    "طبس": {
      "جعفرآباد قوچان": { "lat": 33.67, "long": 56.31 },
      "جوخواه": { "lat": 33.72, "long": 56.81 },
      "ده محمد": { "lat": 33.99, "long": 56.98 },
      "دیهوک": { "lat": 33.29, "long": 57.51 },
      "رباط خان": { "lat": 33.37, "long": 56.07 },
      "طبس": { "lat": 33.59, "long": 56.92 },
      "عرب آباد": { "lat": 33.03, "long": 57.68 },
      "عشق آباد": { "lat": 34.36, "long": 56.94 },
      "نای بند": { "lat": 32.38, "long": 57.53 }
    },
    "مهریز": {
      "تنگ چنار": { "lat": 31.4, "long": 54.35 },
      "علی آباد چهل گزی": { "lat": 31.29, "long": 54.27 },
      "مهریز": { "lat": 31.58, "long": 54.48 }
    },
    "میبد": {
      "میبد": { "lat": 32.22, "long": 54.01 }
    },
    "یزد": {
      "صدوق": { "lat": 32.01, "long": 54.23 },
      "فهرج": { "lat": 31.76, "long": 54.59 },
      "یزد": { "lat": 31.89, "long": 54.36 }
    }
  }
}