{
  "Source": {
    "Afghanistan": "https://w.mudl.gov.af/sites/default/files/2020-03/Calendar%202020%20Website.pdf",
    "Iran": "https://calendar.ut.ac.ir/Fa/News/Data/Doc/Calendar%201403.pdf",
    "AncientIran": "~https://raw.githubusercontent.com/ilius/starcal/master/plugins/iran-ancient-data.txt",
    "International": "~http://www.un.org/en/sections/observances/international-days/",
    "Nepal": ""
  },

  "#meta": [
    "https://github.com/persian-calendar",
    "فهرست مناسبت‌های ایران و افغانستان که در پروژهٔ تقویم فارسی، توسط توسعه‌دهندگان آن و به کمک منابع زیر",
    "تهیه و نگه‌داری می‌شود. با توجه به زحمتی که برای گردآوردی آن کشیده شده است",
    "پیشنهاد می‌شود آن را فقط در پروژه‌های متن‌باز و یا با ارجاع مناسب به منبع استفادهٔ مجدد کنید",
    "و اگر اشکالی در یکی از مناسبت‌ها، عنوان یا تاریخ یا عدم وجود مناسبتی دیدید سریعاً پروژه را مطلع کنید، با تشکر",

    "توجه:",
    "به مناسبت‌هایی که در انتهای صفحه قرار دارند و الگوی تکرارشان متفاوت است توجه ویژه کنید",
    "این داده‌ها از منابع رسمی زیر گردآوری شده‌اند، خود این گردآوردی رسمی و دارای تضمین بی‌نقص بودن نیست ولی محتویات آن به منابع زیر بر می‌گردد",

    "https://w.mudl.gov.af/sites/default/files/2020-03/Calendar%202020%20Website.pdf",
    "افغانستان",

    "https://calendar.ut.ac.ir/Fa/News/Data/Doc/Calendar%201402.pdf",
    "مرکز تقویم دانشگاه تهران",

    "https://raw.githubusercontent.com/ilius/starcal/master/plugins/iran-jalali-data.txt",
    "https://raw.githubusercontent.com/ilius/starcal/master/plugins/iran-jalali-2-data.txt",
    "https://raw.githubusercontent.com/ilius/starcal/master/plugins/iran-gregorian-data.txt",
    "https://raw.githubusercontent.com/ilius/starcal/master/plugins/iran-gregorian-2-data.txt",
    "https://raw.githubusercontent.com/ilius/starcal/master/plugins/iran-hijri-data.txt",
    "https://raw.githubusercontent.com/ilius/starcal/master/plugins/iran-hijri-2-data.txt",
    "مطابق با استخراج و تنظیم شورای مرکز تقویم مؤسسهٔ ژئوفیزیک دانشگاه تهران (مناسبت‌ها از شورای فرهنگ عمومی)",
    "گردآوری، فرمت‌بندی و به روزآوری: سعید رسولی <saeed.gnu@gmail.com>، مولا پهنادایان <mola.mp@gmail.com>",

    "https://raw.githubusercontent.com/ilius/starcal/master/plugins/iran-ancient-data.txt",
    "جشن‌های باستانی ایران",
    "Ardalan Razavi",
    "رضا مرادی غیاث‌آبادی (www.ghiasabadi.com) سعید رسولی <saeed.gnu@gmail.com>",

    "http://www.un.org/en/sections/observances/international-days/"
  ],

  "Persian Calendar": [
    { "holiday": true, "month": 1, "day": 1, "type": "Afghanistan",
      "title": "جشن نوروز" },

    { "holiday": true, "month": 1, "day": 2, "type": "Afghanistan",
      "title": "جشن دهقان" },

    { "holiday": false, "month": 1, "day": 3, "type": "Afghanistan",
      "title": "روز زنگ مکتب" },

    { "holiday": false, "month": 2, "day": 5, "type": "Afghanistan",
      "title": "روز مطبوعات" },

    { "holiday": false, "month": 2, "day": 7, "type": "Afghanistan",
      "title": "کودتای حزب دموکراتیک خلق افغانستان (سال ۱۳۵۷)" },

    { "holiday": true, "month": 2, "day": 8, "type": "Afghanistan",
      "title": "پیروزی جهاد مقدس افغانستان (سال ۱۳۷۱)" },

    { "holiday": false, "month": 3, "day": 24, "type": "Afghanistan",
      "title": "روز مادر" },

    { "holiday": true, "month": 5, "day": 28, "type": "Afghanistan",
      "title": "روز استرداد استقلال کشور (سال ۱۲۹۸ مصادف با ۱۹۱۹ میلادی)" },

    { "holiday": false, "month": 6, "day": 9, "type": "Afghanistan",
      "title": "روز همبستگی با برادران پشتون و بلوچ" },

    { "holiday": true, "month": 6, "day": 18, "type": "Afghanistan",
      "title": "روز شهادت قهرمان ملی افغانستان (آغاز هفتهٔ شهید)" },

    { "holiday": false, "month": 7, "day": 16, "type": "Afghanistan",
      "title": "روز هنر" },

    { "holiday": false, "month": 7, "day": 21, "type": "Afghanistan",
      "title": "روز جیودیزیست‌های کشور" },

    { "holiday": false, "month": 7, "day": 24, "type": "Afghanistan",
      "title": "آغاز هفتهٔ مخصوص سره میاشت" },

    { "holiday": false, "month": 7, "day": 29, "type": "Afghanistan",
      "title": "روز ملی زبان اوزبیکی" },

    { "holiday": false, "month": 8, "day": 15, "type": "Afghanistan",
      "title": "روز وحدت ملی و شهادت شش عضو ولسی جرگه شورای ملی در بغلان (سال ۱۳۸۶)" },

    { "holiday": false, "month": 9, "day": 13, "type": "Afghanistan",
      "title": "روز تحقیق و پژوهش" },

    { "holiday": false, "month": 10, "day": 6, "type": "Afghanistan",
      "title": "روز تجاوز ارتش اتحاد شوروی سابق بر حریم کشور (سال ۱۳۵۸)" },

    { "holiday": false, "month": 10, "day": 14, "type": "Afghanistan",
      "title": "هفتهٔ قانون اساسی افغانستان" },

    { "holiday": false, "month": 11, "day": 10, "type": "Afghanistan",
      "title": "روز متعاقدین" },

    { "holiday": true, "month": 11, "day": 26, "type": "Afghanistan",
      "title": "روز شکست و خروج ارتش اتحاد شوروی سابق از افغانستان" },

    { "holiday": false, "month": 12, "day": 3, "type": "Afghanistan",
      "title": "روز تکبیر و قیام مردم کابل در برابر تجاوز ارتش اتحاد شوروی سابق" },

    { "holiday": false, "month": 12, "day": 9, "type": "Afghanistan",
      "title": "روز ملی حمایت از نیروهای دفاعی و امنیتی کشور" },

    { "holiday": false, "month": 12, "day": 20, "type": "Afghanistan",
      "title": "روز حفاظت از میراث‌های فرهنگی کشور" },

    { "holiday": false, "month": 12, "day": 22, "type": "Afghanistan",
      "title": "روز شهید وحدت ملی استاد عبدالعلی مزاری (۱۳۷۳)" },

    { "holiday": false, "month": 12, "day": 24, "type": "Afghanistan",
      "title": "روز قیام مردم هرات بر علیه جمهوری دموکراتیک خلق افغانستان" },

    { "holiday": false, "month": 12, "day": 27, "type": "Afghanistan",
      "title": "روز ملی خبرنگار" },


    { "holiday": true, "month": 1, "day": 1, "type": "Iran",
      "title": "آغاز نوروز" },

    { "holiday": true, "month": 1, "day": 2, "type": "Iran",
      "title": "عید نوروز" },

    { "holiday": false, "month": 1, "day": 2, "type": "Iran",
      "title": "هجوم مأموران ستم‌شاهی پهلوی به مدرسهٔ فیضیهٔ قم (۱۳۴۲ ه‍.ش)" },

    { "holiday": false, "month": 1, "day": 2, "type": "Iran",
      "title": "آغاز عملیات فتح‌المبین (۱۳۶۱ ه‍.ش)" },

    { "holiday": true, "month": 1, "day": 3, "type": "Iran",
      "title": "عید نوروز" },

    { "holiday": true, "month": 1, "day": 4, "type": "Iran",
      "title": "عید نوروز" },

    { "holiday": false, "month": 1, "day": 6, "type": "Iran",
      "title": "زادروز زرتشت پیامبر" },

    { "holiday": false, "month": 1, "day": 7, "type": "Iran",
      "title": "روز هنرهای نمایشی" },

    { "holiday": true, "month": 1, "day": 12, "type": "Iran",
      "title": "روز جمهوری اسلامی ایران" },

    { "holiday": true, "month": 1, "day": 13, "type": "Iran",
      "title": "روز طبیعت" },

    { "holiday": false, "month": 1, "day": 15, "type": "Iran",
      "title": "روز ذخایر ژنتیکی و زیستی" },

    { "holiday": false, "month": 1, "day": 18, "type": "Iran",
      "title": "روز سلامتی" },

    { "holiday": false, "month": 1, "day": 19, "type": "Iran",
      "title": "شهادت آیت‌اللّه سید محمدباقر صدر و خواهر ایشان بنت‌الهدی به دست حکومت بعث عراق (۱۳۵۹ ه‍.ش)" },

    { "holiday": false, "month": 1, "day": 20, "type": "Iran",
      "title": "روز ملّی فنّاوری هسته‌ای" },

    { "holiday": false, "month": 1, "day": 20, "type": "Iran",
      "title": "روز هنر انقلاب اسلامی (سالروز شهادت سید مرتضی آوینی) (۱۳۷۲ ه‍.ش)" },

    { "holiday": false, "month": 1, "day": 21, "type": "Iran",
      "title": "شهادت امیر سپهبد علی صیاد شیرازی (۱۳۷۸ ه‍.ش)" },

    { "holiday": false, "month": 1, "day": 21, "type": "Iran",
      "title": "سالروز افتتاح حساب شمارهٔ ۱۰۰ به فرمان حضرت امام خمینی (ره) و تأسیس بنیاد مسکن انقلاب اسلامی (۱۳۵۸ ه‍.ش)" },

    { "holiday": false, "month": 1, "day": 25, "type": "Iran",
      "title": "روز بزرگداشت عطّار نیشابوری" },

    { "holiday": false, "month": 1, "day": 29, "type": "Iran",
      "title": "روز ارتش جمهوری اسلامی و نیروی زمینی" },

    { "holiday": false, "month": 2, "day": 1, "type": "Iran",
      "title": "روز بزرگداشت سعدی" },

    { "holiday": false, "month": 2, "day": 1, "type": "Iran",
      "title": "روز نثر فارسی" },

    { "holiday": false, "month": 2, "day": 2, "type": "Iran",
      "title": "تأسیس سپاه پاسداران انقلاب اسلامی (۱۳۵۸ ه‍.ش)" },

    { "holiday": false, "month": 2, "day": 2, "type": "Iran",
      "title": "سالروز اعلام انقلاب فرهنگی (۱۳۵۹ ه‍.ش)" },

    { "holiday": false, "month": 2, "day": 2, "type": "Iran",
      "title": "روز زمین پاک" },

    { "holiday": false, "month": 2, "day": 3, "type": "Iran",
      "title": "روز بزرگداشت شیخ بهایی" },

    { "holiday": false, "month": 2, "day": 3, "type": "Iran",
      "title": "روز معماری" },

    { "holiday": false, "month": 2, "day": 3, "type": "Iran",
      "title": "سالروز شهادت امیر سپهبد قرنی (۱۳۵۸ ه‍.ش)" },

    { "holiday": false, "month": 2, "day": 5, "type": "Iran",
      "title": "شکست حمله نظامی آمریکا به ایران در طبس (۱۳۵۹ ه‍.ش)" },

    { "holiday": false, "month": 2, "day": 7, "type": "Iran",
      "title": "روز ایمنی حمل و نقل" },

    { "holiday": false, "month": 2, "day": 9, "type": "Iran",
      "title": "روز شوراها" },

    { "holiday": false, "month": 2, "day": 10, "type": "Iran",
      "title": "روز ملی خلیج فارس" },

    { "holiday": false, "month": 2, "day": 10, "type": "Iran",
      "title": "آغاز عملیات بیت المقدس (۱۳۶۱ ه‍.ش)" },

    { "holiday": false, "month": 2, "day": 12, "type": "Iran",
      "title": "شهادت استاد مرتضی مطهری (۱۳۵۸ ه‍.ش)" },

    { "holiday": false, "month": 2, "day": 12, "type": "Iran",
      "title": "روز معلم" },

    { "holiday": false, "month": 2, "day": 15, "type": "Iran",
      "title": "روز بزرگداشت شیخ صدوق" },

    { "holiday": false, "month": 2, "day": 18, "type": "Iran",
      "title": "روز بیماری‌های خاص و صعب‌العلاج" },

    { "holiday": false, "month": 2, "day": 19, "type": "Iran",
      "title": "روز بزرگداشت شیخ کلینی" },

    { "holiday": false, "month": 2, "day": 19, "type": "Iran",
      "title": "روز اسناد ملی و میراث مکتوب" },

    { "holiday": false, "month": 2, "day": 24, "type": "Iran",
      "title": "لغو امتیاز تنباکو به فتوای آیت‌اللّه میرزا حسن شیرازی (۱۲۷۰ ه‍.ش)" },

    { "holiday": false, "month": 2, "day": 25, "type": "Iran",
      "title": "روز پاسداشت زبان فارسی و بزرگداشت حکیم ابوالقاسم فردوسی" },

    { "holiday": false, "month": 2, "day": 27, "type": "Iran",
      "title": "روز ارتباطات و روابط عمومی" },

    { "holiday": false, "month": 2, "day": 28, "type": "Iran",
      "title": "روز بزرگداشت حکیم عمر خیام" },

    { "holiday": false, "month": 2, "day": 30, "type": "Iran",
      "title": "روز ملی جمعیت" },

    { "holiday": false, "month": 2, "day": 31, "type": "Iran",
      "title": "روز اهدای عضو، اهدای زندگی" },

    { "holiday": false, "month": 3, "day": 1, "type": "Iran",
      "title": "روز بهره‌وری و بهینه‌سازی مصرف" },

    { "holiday": false, "month": 3, "day": 1, "type": "Iran",
      "title": "روز بزرگداشت ملّاصدرا (صدرالمتألهین)" },

    { "holiday": false, "month": 3, "day": 3, "type": "Iran",
      "title": "فتح خرمشهر در عملیات بیت‌المقدس (۱۳۶۱ ه‍.ش) و روز مقاومت، ایثار و پیروزی" },

    { "holiday": false, "month": 3, "day": 4, "type": "Iran",
      "title": "روز دزفول" },

    { "holiday": false, "month": 3, "day": 4, "type": "Iran",
      "title": "روز مقاومت و پایداری" },

    { "holiday": false, "month": 3, "day": 5, "type": "Iran",
      "title": "روز نسیم مهر (روز حمایت از خانواده زندانیان)" },

    { "holiday": false, "month": 3, "day": 7, "type": "Iran",
      "title": "افتتاح اولین دورهٔ مجلس شورای اسلامی (۱۳۵۹ ه‍.ش)" },

    { "holiday": true, "month": 3, "day": 14, "type": "Iran",
      "title": "رحلت حضرت امام خمینی (ره) رهبر کبیر انقلاب و بنیان‌گذار جمهوری اسلامی ایران (۱۳۶۸ ه‍.ش)" },

    { "holiday": false, "month": 3, "day": 14, "type": "Iran",
      "title": "انتخاب حضرت آیت‌اللّه امام خامنه‌ای به رهبری (۱۳۶۸ ه‍.ش)" },

    { "holiday": true, "month": 3, "day": 15, "type": "Iran",
      "title": "قیام خونین ۱۵ خرداد (۱۳۴۲ ه‍.ش)" },

    { "holiday": false, "month": 3, "day": 15, "type": "Iran",
      "title": "زندانی‌شدن حضرت امام خمینی (ره) به دست مأموران ستم‌شاهی پهلوی (۱۳۴۲ ه‍.ش)" },

    { "holiday": false, "month": 3, "day": 20, "type": "Iran",
      "title": "روز صنایع دستی" },

    { "holiday": false, "month": 3, "day": 20, "type": "Iran",
      "title": "روز ملی فرش" },

    { "holiday": false, "month": 3, "day": 20, "type": "Iran",
      "title": "شهادت آیت‌اللّه سعیدی به دست مأموران ستم‌شاهی پهلوی (۱۳۴۹ ه‍.ش)" },

    { "holiday": false, "month": 3, "day": 26, "type": "Iran",
      "title": "شهادت سربازان دلیر اسلام: بخارایی، امانی، صفار هرندی و نیک‌نژاد (۱۳۴۴ ه‍.ش)" },

    { "holiday": false, "month": 3, "day": 27, "type": "Iran",
      "title": "روز جهاد کشاورزی (تشکیل جهاد سازندگی به فرمان حضرت امام خمینی (ره)) (۱۳۵۸ ه‍.ش)" },

    { "holiday": false, "month": 3, "day": 29, "type": "Iran",
      "title": "درگذشت دکتر علی شریعتی (۱۳۵۶ ه‍.ش)" },

    { "holiday": false, "month": 3, "day": 30, "type": "Iran",
      "title": "شهادت زائران حرم رضوی (ع) به دست ایادی آمریکا در روز عاشورا (۱۳۷۳ ه‍.ش)" },

    { "holiday": false, "month": 3, "day": 31, "type": "Iran",
      "title": "شهادت دکتر مصطفی چمران (۱۳۶۰ ه‍.ش)" },

    { "holiday": false, "month": 3, "day": 31, "type": "Iran",
      "title": "روز بسیج استادان" },

    { "holiday": false, "month": 4, "day": 1, "type": "Iran",
      "title": "روز تبلیغ و اطلاع‌رسانی دینی (سالروز صدور فرمان حضرت امام خمینی رحمة‌اللّه علیه مبنی بر تأسیس سازمان تبلیغات اسلامی) (۱۳۶۰ ه‍.ش)" },

    { "holiday": false, "month": 4, "day": 1, "type": "Iran",
      "title": "روز اصناف" },

    { "holiday": false, "month": 4, "day": 7, "type": "Iran",
      "title": "شهادت مظلومانهٔ آیت‌اللّه دکتر بهشتی و ۷۲ تن از یاران حضرت امام خمینی (ره) با انفجار بمب به دست منافقان در دفتر مرکزی حزب جمهوری اسلامی (۱۳۶۰ ه‍.ش)" },

    { "holiday": false, "month": 4, "day": 7, "type": "Iran",
      "title": "روز قوهٔ قضائیه" },

    { "holiday": false, "month": 4, "day": 7, "type": "Iran",
      "title": "سالروز بمباران شیمیایی شهر سردشت (۱۳۶۶ ه‍.ش)" },

    { "holiday": false, "month": 4, "day": 8, "type": "Iran",
      "title": "روز مبارزه با سلاح‌های شیمیایی و میکروبی" },

    { "holiday": false, "month": 4, "day": 10, "type": "Iran",
      "title": "روز صنعت و معدن" },

    { "holiday": false, "month": 4, "day": 10, "type": "Iran",
      "title": "روز آزادسازی شهر مهران" },

    { "holiday": false, "month": 4, "day": 10, "type": "Iran",
      "title": "روز بزرگداشت صائب تبریزی" },

    { "holiday": false, "month": 4, "day": 10, "type": "Iran",
      "title": "روز دیپلماسی فرهنگی و تعامل با جهان" },

    { "holiday": false, "month": 4, "day": 10, "type": "Iran",
      "title": "یاد روز ورود حضرت امام رضا (ع) به نیشابور و نقل حدیث سلسلةالذهب" },

    { "holiday": false, "month": 4, "day": 11, "type": "Iran",
      "title": "شهادت آیت‌اللّه صدوقی چهارمین شهید محراب به دست منافقان (۱۳۶۱ ه‍.ش)" },

    { "holiday": false, "month": 4, "day": 12, "type": "Iran",
      "title": "حملهٔ ددمنشانهٔ ناوگان آمریکای جنایتکار به هواپیمای مسافربری جمهوری اسلامی ایران (۱۳۶۷ ه‍.ش)" },

    { "holiday": false, "month": 4, "day": 12, "type": "Iran",
      "title": "روز افشای حقوق بشر آمریکایی" },

    { "holiday": false, "month": 4, "day": 12, "type": "Iran",
      "title": "روز بزرگداشت علامه امینی (۱۳۴۹ ه‍.ش)" },

    { "holiday": false, "month": 4, "day": 14, "type": "Iran",
      "title": "روز قلم" },

    { "holiday": false, "month": 4, "day": 14, "type": "Iran",
      "title": "روز شهرداری و دهیاری" },

    { "holiday": false, "month": 4, "day": 16, "type": "Iran",
      "title": "روز مالیات" },

    { "holiday": false, "month": 4, "day": 18, "type": "Iran",
      "title": "روز ادبیات کودکان و نوجوانان" },

    { "holiday": false, "month": 4, "day": 18, "type": "Iran",
      "title": "کشف توطئهٔ آمریکایی در پایگاه هوایی شهید نوژه (کودتای نافرجام نقاب) (۱۳۵۹ ه‍.ش)" },

    { "holiday": false, "month": 4, "day": 21, "type": "Iran",
      "title": "روز عفاف و حجاب" },

    { "holiday": false, "month": 4, "day": 21, "type": "Iran",
      "title": "حمله به مسجد گوهرشاد و کشتار مردم به دست رضاخان (۱۳۱۴ ه‍.ش)" },

    { "holiday": false, "month": 4, "day": 22, "type": "Iran",
      "title": "روز بزرگداشت خوارزمی" },

    { "holiday": false, "month": 4, "day": 22, "type": "Iran",
      "title": "روز فناوری اطلاعات" },

    { "holiday": false, "month": 4, "day": 23, "type": "Iran",
      "title": "روز گفت‌وگو و تعامل سازنده با جهان" },

    { "holiday": false, "month": 4, "day": 23, "type": "Iran",
      "title": "گشایش نخستین مجلس خبرگان رهبری (۱۳۶۲ ه‍.ش)" },

    { "holiday": false, "month": 4, "day": 25, "type": "Iran",
      "title": "روز بهزیستی و تأمین اجتماعی" },

    { "holiday": false, "month": 4, "day": 26, "type": "Iran",
      "title": "سالروز تأسیس نهاد شورای نگهبان (۱۳۵۹ ه‍.ش)" },

    { "holiday": false, "month": 4, "day": 27, "type": "Iran",
      "title": "اعلام پذیرش قطعنامهٔ ۵۹۸ شورای امنیت از سوی ایران (۱۳۶۷ ه‍.ش)" },

    { "holiday": false, "month": 4, "day": 30, "type": "Iran",
      "title": "روز بزرگداشت آیت‌اللّه سید ابوالقاسم کاشانی" },

    { "holiday": false, "month": 5, "day": 4, "type": "Iran",
      "title": "روز بزرگداشت شیخ صفی‌الدین اردبیلی" },

    { "holiday": false, "month": 5, "day": 5, "type": "Iran",
      "title": "سالروز عملیات افتخار‌آفرین مرصاد (۱۳۶۷ ه‍.ش)" },

    { "holiday": false, "month": 5, "day": 5, "type": "Iran",
      "title": "روز اقامهٔ اولین نماز جمعه با حکم حضرت امام خمینی (ره) در سال ۱۳۵۸" },

    { "holiday": false, "month": 5, "day": 6, "type": "Iran",
      "title": "روز کارآفرینی و آموزش‌های فنّی‌و‌حرفه‌ای" },

    { "holiday": false, "month": 5, "day": 8, "type": "Iran",
      "title": "روز شعر و ادبیات آیینی" },

    { "holiday": false, "month": 5, "day": 8, "type": "Iran",
      "title": "روز بزرگداشت محتشم کاشانی" },

    { "holiday": false, "month": 5, "day": 8, "type": "Iran",
      "title": "روز بزرگداشت شیخ شهاب‌الدین سهروردی (شیخ اشراق)" },

    { "holiday": false, "month": 5, "day": 9, "type": "Iran",
      "title": "روز اهدای خون" },

    { "holiday": false, "month": 5, "day": 11, "type": "Iran",
      "title": "شهادت آیت‌اللّه شیخ فضل‌اللّه نوری (۱۲۸۸ ه‍.ش)" },

    { "holiday": false, "month": 5, "day": 14, "type": "Iran",
      "title": "صدور فرمان مشروطیت (۱۲۸۵ ه‍.ش)" },

    { "holiday": false, "month": 5, "day": 14, "type": "Iran",
      "title": "روز حقوق بشر اسلامی و کرامت انسانی" },

    { "holiday": false, "month": 5, "day": 15, "type": "Iran",
      "title": "سالروز شهادت امیر سرلشکر خلبان عباس بابایی (۱۳۶۶ ه‍.ش)" },

    { "holiday": false, "month": 5, "day": 16, "type": "Iran",
      "title": "تشکیل جهاد دانشگاهی (۱۳۵۹ ه‍.ش)" },

    { "holiday": false, "month": 5, "day": 17, "type": "Iran",
      "title": "روز خبرنگار" },

    { "holiday": false, "month": 5, "day": 18, "type": "Iran",
      "title": "روز بزرگداشت شهدای مدافع حرم" },

    { "holiday": false, "month": 5, "day": 21, "type": "Iran",
      "title": "روز حمایت از صنایع کوچک" },

    { "holiday": false, "month": 5, "day": 22, "type": "Iran",
      "title": "روز تشکّل‌ها و مشارکت‌های اجتماعی" },

    { "holiday": false, "month": 5, "day": 23, "type": "Iran",
      "title": "روز مقاومت اسلامی" },

    { "holiday": false, "month": 5, "day": 26, "type": "Iran",
      "title": "آغاز بازگشت آزادگان به میهن اسلامی (۱۳۶۹ ه‍.ش)" },

    { "holiday": false, "month": 5, "day": 28, "type": "Iran",
      "title": "کودتای آمریکا برای بازگرداندن شاه (۱۳۳۲ ه‍.ش)" },

    { "holiday": false, "month": 5, "day": 28, "type": "Iran",
      "title": "گشایش مجلس خبرگان برای بررسی نهایی قانون اساسی جمهوری اسلامی ایران (۱۳۵۸ ه‍.ش)" },

    { "holiday": false, "month": 5, "day": 30, "type": "Iran",
      "title": "روز بزرگداشت علامه مجلسی" },

    { "holiday": false, "month": 5, "day": 31, "type": "Iran",
      "title": "روز صنعت دفاعی" },

    { "holiday": false, "month": 6, "day": 1, "type": "Iran",
      "title": "روز بزرگداشت ابوعلی سینا" },

    { "holiday": false, "month": 6, "day": 1, "type": "Iran",
      "title": "روز پزشک" },

    { "holiday": false, "month": 6, "day": 1, "type": "Iran",
      "title": "روز همدان" },

    { "holiday": false, "month": 6, "day": 2, "type": "Iran",
      "title": "آغاز هفتهٔ دولت" },

    { "holiday": false, "month": 6, "day": 2, "type": "Iran",
      "title": "شهادت سید ‌علی اندرزگو (در روز ۱۹ ماه مبارک رمضان) (۱۳۵۷ ه‍.ش)" },

    { "holiday": false, "month": 6, "day": 3, "type": "Iran",
      "title": "اِشغال ایران توسّط متّفقین و فرار رضاخان (۱۳۲۰ ه‍.ش)" },

    { "holiday": false, "month": 6, "day": 4, "type": "Iran",
      "title": "روز کارمند" },

    { "holiday": false, "month": 6, "day": 5, "type": "Iran",
      "title": "روز بزرگداشت محمّدبن زکریای رازی" },

    { "holiday": false, "month": 6, "day": 5, "type": "Iran",
      "title": "روز داروسازی" },

    { "holiday": false, "month": 6, "day": 5, "type": "Iran",
      "title": "روز کشتی" },

    { "holiday": false, "month": 6, "day": 8, "type": "Iran",
      "title": "روز مبارزه با تروریسم (انفجار دفتر نخست‌وزیری به دست منافقان و شهادت مظلومانهٔ شهیدان رجایی و باهنر) (۱۳۶۰ ه‍.ش)" },

    { "holiday": false, "month": 6, "day": 10, "type": "Iran",
      "title": "روز بانکداری اسلامی (سالروز تصویب قانون عملیات بانکی بدون ربا) (۱۳۶۲ ه‍.ش)" },

    { "holiday": false, "month": 6, "day": 10, "type": "Iran",
      "title": "روز تشکیل قرارگاه پدافند هوایی حضرت خاتم‌الانبیا صلی اللّه علیه و آله (۱۳۷۱ ه‍.ش)" },

    { "holiday": false, "month": 6, "day": 11, "type": "Iran",
      "title": "روز صنعت چاپ" },

    { "holiday": false, "month": 6, "day": 12, "type": "Iran",
      "title": "روز مبارزه با استعمار انگلیس (سالروز شهادت رئیسعلی دلواری - ۱۲۹۴ ه‍.ش)" },

    { "holiday": false, "month": 6, "day": 12, "type": "Iran",
      "title": "روز بهوَرز" },

    { "holiday": false, "month": 6, "day": 13, "type": "Iran",
      "title": "روز تعاون" },

    { "holiday": false, "month": 6, "day": 13, "type": "Iran",
      "title": "روز بزرگداشت ابوریحان بیرونی" },

    { "holiday": false, "month": 6, "day": 13, "type": "Iran",
      "title": "روز مردم‌شناسی" },

    { "holiday": false, "month": 6, "day": 14, "type": "Iran",
      "title": "شهادت آیت‌اللّه قدّوسی و سرتیپ وحید دستجردی (۱۳۶۰ ه‍.ش)" },

    { "holiday": false, "month": 6, "day": 17, "type": "Iran",
      "title": "قیام ۱۷ شهریور و کشتار جمعی از مردم به‌دست مأموران ستم‌شاهی پهلوی (۱۳۵۷ ه‍.ش)" },

    { "holiday": false, "month": 6, "day": 19, "type": "Iran",
      "title": "وفات آیت‌اللّه سید محمود طالقانی اوّلین حضرت امام جمعهٔ تهران (۱۳۵۸ ه‍.ش)" },

    { "holiday": false, "month": 6, "day": 20, "type": "Iran",
      "title": "شهادت دومین شهید محراب آیت‌اللّه مدنی به دست منافقان (۱۳۶۰ ه‍.ش)" },

    { "holiday": false, "month": 6, "day": 21, "type": "Iran",
      "title": "روز سینما" },

    { "holiday": false, "month": 6, "day": 27, "type": "Iran",
      "title": "روز شعر و ادب فارسی" },

    { "holiday": false, "month": 6, "day": 27, "type": "Iran",
      "title": "روز بزرگداشت استاد سید‌ محمّد‌حسین شهریار" },

    { "holiday": false, "month": 6, "day": 31, "type": "Iran",
      "title": "آغاز جنگ تحمیلی (۱۳۵۹ ه‍.ش)" },

    { "holiday": false, "month": 6, "day": 31, "type": "Iran",
      "title": "آغاز هفتهٔ دفاع مقدّس" },

    { "holiday": false, "month": 7, "day": 2, "type": "Iran",
      "title": "روز بزرگداشت شهدای منا" },

    { "holiday": false, "month": 7, "day": 4, "type": "Iran",
      "title": "روز سرباز" },

    { "holiday": false, "month": 7, "day": 5, "type": "Iran",
      "title": "شکست حصر آبادان در عملیات ثامن‌الائمه (ع) (۱۳۶۰ ه‍.ش)" },

    { "holiday": false, "month": 7, "day": 5, "type": "Iran",
      "title": "روز گردشگری" },

    { "holiday": false, "month": 7, "day": 7, "type": "Iran",
      "title": "روز بزرگداشت فرماندهان شهید دفاع مقدّس" },

    { "holiday": false, "month": 7, "day": 7, "type": "Iran",
      "title": "شهادت سرداران اسلام: فلاحی، فکوری، نامجو، کلاهدوز و جهان‌آرا (۱۳۶۰ ه‍.ش)" },

    { "holiday": false, "month": 7, "day": 7, "type": "Iran",
      "title": "روز آتش‌نشانی و ایمنی" },

    { "holiday": false, "month": 7, "day": 7, "type": "Iran",
      "title": "روز بزرگداشت شمس" },

    { "holiday": false, "month": 7, "day": 8, "type": "Iran",
      "title": "روز بزرگداشت مولوی" },

    { "holiday": false, "month": 7, "day": 9, "type": "Iran",
      "title": "روز همبستگی و همدردی با کودکان و نوجوانان فلسطینی" },

    { "holiday": false, "month": 7, "day": 10, "type": "Iran",
      "title": "روز نخبگان" },

    { "holiday": false, "month": 7, "day": 13, "type": "Iran",
      "title": "هجرت حضرت امام خمینی (ره) از عراق به پاریس (۱۳۵۷ ه‍.ش)" },

    { "holiday": false, "month": 7, "day": 13, "type": "Iran",
      "title": "روز نیروی انتظامی" },

    { "holiday": false, "month": 7, "day": 14, "type": "Iran",
      "title": "روز دامپزشکی" },

    { "holiday": false, "month": 7, "day": 15, "type": "Iran",
      "title": "روز روستا و عشایر" },

    { "holiday": false, "month": 7, "day": 20, "type": "Iran",
      "title": "روز بزرگداشت حافظ" },

    { "holiday": false, "month": 7, "day": 23, "type": "Iran",
      "title": "شهادت پنجمین شهید محراب آیت‌اللّه اشرفی اصفهانی به دست منافقان (۱۳۶۱ ه‍.ش)" },

    { "holiday": false, "month": 7, "day": 24, "type": "Iran",
      "title": "روز ملی پارالمپیک" },

    { "holiday": false, "month": 7, "day": 24, "type": "Iran",
      "title": "روز پیوند اولیا و مربیان" },

    { "holiday": false, "month": 7, "day": 24, "type": "Iran",
      "title": "سالروز واقعهٔ به آتش کشیدن مسجد جامع شهر کرمان به دست دژخیمان حکومت پهلوی (۱۳۵۷ ه‍.ش)" },

    { "holiday": false, "month": 7, "day": 26, "type": "Iran",
      "title": "روز تربیت‌بدنی و ورزش" },

    { "holiday": false, "month": 7, "day": 29, "type": "Iran",
      "title": "روز صادرات" },

    { "holiday": false, "month": 8, "day": 1, "type": "Iran",
      "title": "شهادت مظلومانهٔ آیت‌اللّه حاج سید مصطفی خمینی (۱۳۵۶ ه‍.ش)" },

    { "holiday": false, "month": 8, "day": 1, "type": "Iran",
      "title": "روز آمار و برنامه‌ریزی" },

    { "holiday": false, "month": 8, "day": 4, "type": "Iran",
      "title": "اعتراض و افشاگری حضرت امام خمینی (ره) علیه پذیرش کاپیتولاسیون (۱۳۴۳ ه‍.ش)" },

    { "holiday": false, "month": 8, "day": 8, "type": "Iran",
      "title": "شهادت محمّدحسین فهمیده (بسیجی ۱۳ ساله) (۱۳۵۹ ه‍.ش)" },

    { "holiday": false, "month": 8, "day": 8, "type": "Iran",
      "title": "روز نوجوان و بسیج دانش‌آموزی" },

    { "holiday": false, "month": 8, "day": 8, "type": "Iran",
      "title": "روز پدافند غیرعامل" },

    { "holiday": false, "month": 8, "day": 10, "type": "Iran",
      "title": "شهادت آیت‌اللّه قاضی طباطبایی، اوّلین شهید محراب به دست منافقان (۱۳۵۸ ه‍.ش)" },

    { "holiday": false, "month": 8, "day": 13, "type": "Iran",
      "title": "تسخیر لانهٔ جاسوسی آمریکا به دست دانشجویان پیرو خط حضرت امام (۱۳۵۸ ه‍.ش)" },

    { "holiday": false, "month": 8, "day": 13, "type": "Iran",
      "title": "روز ملی مبارزه با استکبار جهانی" },

    { "holiday": false, "month": 8, "day": 13, "type": "Iran",
      "title": "روز دانش‌آموز" },

    { "holiday": false, "month": 8, "day": 13, "type": "Iran",
      "title": "تبعید حضرت امام خمینی (ره) از ایران به ترکیه (۱۳۴۳ ه‍.ش)" },

    { "holiday": false, "month": 8, "day": 14, "type": "Iran",
      "title": "روز فرهنگ عمومی" },

    { "holiday": false, "month": 8, "day": 18, "type": "Iran",
      "title": "روز کیفیت" },

    { "holiday": false, "month": 8, "day": 24, "type": "Iran",
      "title": "روز کتاب، کتاب‌خوانی و کتابدار" },

    { "holiday": false, "month": 8, "day": 24, "type": "Iran",
      "title": "روز بزرگداشت آیت‌اللّه علامه سید محمّدحسین طباطبایی (۱۳۶۰ ه‍.ش)" },

    { "holiday": false, "month": 8, "day": 26, "type": "Iran",
      "title": "سالروز آزادسازی سوسنگرد" },

    { "holiday": false, "month": 8, "day": 30, "type": "Iran",
      "title": "روز حکمت و فلسفه" },

    { "holiday": false, "month": 8, "day": 30, "type": "Iran",
      "title": "روز بزرگداشت ابونصر فارابی" },

    { "holiday": false, "month": 8, "day": 30, "type": "Iran",
      "title": "روز قهرمان ملی" },

    { "holiday": false, "month": 9, "day": 5, "type": "Iran",
      "title": "روز بسیج مستضعفان (تشکیل بسیج مستضعفان به فرمان حضرت امام خمینی (ره)) (۱۳۵۸ ه‍.ش)" },

    { "holiday": false, "month": 9, "day": 5, "type": "Iran",
      "title": "سالروز قیام مردم گرگان (۱۳۵۷ ه‍.ش)" },

    { "holiday": false, "month": 9, "day": 7, "type": "Iran",
      "title": "روز نیروی دریایی" },

    { "holiday": false, "month": 9, "day": 9, "type": "Iran",
      "title": "روز بزرگداشت شیخ مفید" },

    { "holiday": false, "month": 9, "day": 10, "type": "Iran",
      "title": "شهادت آیت‌اللّه سید ‌حسن مدرّس (۱۳۱۶ ه‍.ش) و روز مجلس " },

    { "holiday": false, "month": 9, "day": 11, "type": "Iran",
      "title": "شهادت میرزا‌کوچک‌خان جنگلی (۱۳۰۰ ه‍.ش)" },

    { "holiday": false, "month": 9, "day": 12, "type": "Iran",
      "title": "روز قانون اساسی جمهوری اسلامی ایران (تصویب قانون اساسی جمهوری اسلامی ایران) (۱۳۵۸ ه‍.ش)" },

    { "holiday": false, "month": 9, "day": 13, "type": "Iran",
      "title": "روز بیمه" },

    { "holiday": false, "month": 9, "day": 16, "type": "Iran",
      "title": "روز دانشجو" },

    { "holiday": false, "month": 9, "day": 18, "type": "Iran",
      "title": "معرّفی عراق به عنوان مسئول و آغازگر جنگ از سوی سازمان ملل (۱۳۷۰ ه‍.ش)" },

    { "holiday": false, "month": 9, "day": 19, "type": "Iran",
      "title": "تشکیل شورای عالی انقلاب فرهنگی به فرمان حضرت امام خمینی (ره) (۱۳۶۳ ه‍.ش)" },

    { "holiday": false, "month": 9, "day": 20, "type": "Iran",
      "title": "شهادت آیت‌اللّه دستغیب، سومین شهید محراب به دست منافقان (۱۳۶۰ ه‍.ش)" },

    { "holiday": false, "month": 9, "day": 25, "type": "Iran",
      "title": "روز پژوهش" },

    { "holiday": false, "month": 9, "day": 26, "type": "Iran",
      "title": "روز حمل‌و‌نقل و رانندگان" },

    { "holiday": false, "month": 9, "day": 27, "type": "Iran",
      "title": "شهادت آیت‌اللّه دکتر محمّد مفتّح (۱۳۵۸ ه‍.ش)" },

    { "holiday": false, "month": 9, "day": 27, "type": "Iran",
      "title": "روز وحدت حوزه و دانشگاه" },

    { "holiday": false, "month": 9, "day": 27, "type": "Iran",
      "title": "روز جهان عاری از خشونت و افراطی‌گری" },

    { "holiday": false, "month": 9, "day": 29, "type": "Iran",
      "title": "روز تجلیل از شهید تندگویان" },

    { "holiday": false, "month": 9, "day": 30, "type": "Iran",
      "title": "شب یلدا (چله)" },

    { "holiday": false, "month": 9, "day": 30, "type": "Iran",
      "title": "روز ترویج فرهنگ میهمانی و پیوند با خویشان" },

    { "holiday": false, "month": 10, "day": 3, "type": "Iran",
      "title": "روز ثبت‌احوال" },

    { "holiday": false, "month": 10, "day": 4, "type": "Iran",
      "title": "روز بزرگداشت رودکی" },

    { "holiday": false, "month": 10, "day": 5, "type": "Iran",
      "title": "روز ایمنی در برابر زلزله و کاهش اثرات بلایای طبیعی" },

    { "holiday": false, "month": 10, "day": 7, "type": "Iran",
      "title": "سالروز تشکیل نهضت سوادآموزی به فرمان حضرت امام خمینی (ره) (۱۳۵۸ ه‍.ش)" },

    { "holiday": false, "month": 10, "day": 7, "type": "Iran",
      "title": "شهادت آیت‌اللّه حسین غفّاری به دست مأموران ستم‌شاهی پهلوی (۱۳۵۳ ه‍.ش)" },

    { "holiday": false, "month": 10, "day": 8, "type": "Iran",
      "title": "روز صنعت پتروشیمی" },

    { "holiday": false, "month": 10, "day": 9, "type": "Iran",
      "title": "روز بصیرت و میثاق امّت با ولایت" },

    { "holiday": false, "month": 10, "day": 13, "type": "Iran",
      "title": "روز جهانی مقاومت" },

    { "holiday": false, "month": 10, "day": 13, "type": "Iran",
      "title": "شهادت الگوی اخلاص و عمل سردار سپهبد قاسم سلیمانی به دست استکبار جهانی" },

    { "holiday": false, "month": 10, "day": 13, "type": "Iran",
      "title": "ابلاغ پیام تاریخی حضرت امام خمینی (ره) به گورباچف رهبر شوروی سابق (۱۳۶۷ ه‍.ش)" },

    { "holiday": false, "month": 10, "day": 16, "type": "Iran",
      "title": "روز شهدای دانشجو (شهادت سیدحسین علم‌الهدی و همرزمان وی در هویزه)" },

    { "holiday": false, "month": 10, "day": 17, "type": "Iran",
      "title": "اجرای طرح استعماری حذف حجاب (کشف حجاب) به دست رضاخان (۱۳۱۴ ه‍.ش)" },

    { "holiday": false, "month": 10, "day": 17, "type": "Iran",
      "title": "روز بزرگداشت خواجوی کرمانی" },

    { "holiday": false, "month": 10, "day": 19, "type": "Iran",
      "title": "قیام خونین مردم قم (۱۳۵۶ ه‍.ش)" },

    { "holiday": false, "month": 10, "day": 20, "type": "Iran",
      "title": "شهادت میرزا تقی خان امیرکبیر (۱۲۳۰ ه‍.ش)" },

    { "holiday": false, "month": 10, "day": 22, "type": "Iran",
      "title": "تشکیل شورای انقلاب به فرمان حضرت امام خمینی (ره) (۱۳۵۷ ه‍.ش)" },

    { "holiday": false, "month": 10, "day": 26, "type": "Iran",
      "title": "فرار شاه معدوم (۱۳۵۷ ه‍.ش)" },

    { "holiday": false, "month": 10, "day": 27, "type": "Iran",
      "title": "شهادت شهیدان: نواب صفوی، طهماسبی، برادران واحدی و ذوالقدر از فدائیان اسلام (۱۳۳۴ ه‍.ش)" },

    { "holiday": false, "month": 10, "day": 29, "type": "Iran",
      "title": "روز غزه" },

    { "holiday": false, "month": 11, "day": 6, "type": "Iran",
      "title": "سالروز حماسهٔ مردم آمل" },

    { "holiday": false, "month": 11, "day": 6, "type": "Iran",
      "title": "روز آواها و نواهای ایرانی" },

    { "holiday": false, "month": 11, "day": 6, "type": "Iran",
      "title": "روز بزرگداشت صفی‌الدین اُرمَوی" },

    { "holiday": false, "month": 11, "day": 12, "type": "Iran",
      "title": "سالروز بازگشت حضرت امام خمینی (ره) به ایران و آغاز دههٔ مبارک فجر انقلاب اسلامی" },

    { "holiday": false, "month": 11, "day": 14, "type": "Iran",
      "title": "روز فنّاوری فضایی" },

    { "holiday": false, "month": 11, "day": 19, "type": "Iran",
      "title": "روز نیروی هوایی" },

    { "holiday": false, "month": 11, "day": 21, "type": "Iran",
      "title": "شکسته‌شدن حکومت‌نظامی به فرمان حضرت امام خمینی (ره) (۱۳۵۷ ه‍.ش)" },

    { "holiday": true, "month": 11, "day": 22, "type": "Iran",
      "title": "پیروزی انقلاب اسلامی ایران و سقوط نظام شاهنشاهی (۱۳۵۷ ه‍.ش)" },

    { "holiday": false, "month": 11, "day": 25, "type": "Iran",
      "title": "صدور حکم تاریخی حضرت امام خمینی (ره) مبنی بر ارتداد سلمان‌رشدی نویسندهٔ خائن کتاب آیات شیطانی (۱۳۶۷ ه‍.ش)" },

    { "holiday": false, "month": 11, "day": 29, "type": "Iran",
      "title": "قیام مردم تبریز به مناسبت چهلمین روز شهادت شهدای قم (۱۳۵۶ ه‍.ش)" },

    { "holiday": false, "month": 11, "day": 29, "type": "Iran",
      "title": "روز اقتصاد مقاومتی و کارآفرینی" },

    { "holiday": false, "month": 12, "day": 3, "type": "Iran",
      "title": "کودتای انگلیسی رضاخان (۱۲۹۹ ه‍.ش)" },

    { "holiday": false, "month": 12, "day": 5, "type": "Iran",
      "title": "روز بزرگداشت خواجه‌نصیرالدّین طوسی" },

    { "holiday": false, "month": 12, "day": 5, "type": "Iran",
      "title": "روز مهندسی" },

    { "holiday": false, "month": 12, "day": 8, "type": "Iran",
      "title": "روز امور تربیتی و تربیت اسلامی" },

    { "holiday": false, "month": 12, "day": 8, "type": "Iran",
      "title": "روز بزرگداشت حکیم حاج ملاهادی سبزواری" },

    { "holiday": false, "month": 12, "day": 8, "type": "Iran",
      "title": "روز حمایت از بیماران نادر" },

    { "holiday": false, "month": 12, "day": 9, "type": "Iran",
      "title": "روز حمایت از حقوق مصرف‌کنندگان" },

    { "holiday": false, "month": 12, "day": 14, "type": "Iran",
      "title": "روز احسان و نیکوکاری" },

    { "holiday": false, "month": 12, "day": 14, "type": "Iran",
      "title": "روز ترویج فرهنگ قرض‌الحسنه" },

    { "holiday": false, "month": 12, "day": 15, "type": "Iran",
      "title": "روز درختکاری" },

    { "holiday": false, "month": 12, "day": 15, "type": "Iran",
      "title": "روز آموزش همگانی حفظ محیط زیست" },

    { "holiday": false, "month": 12, "day": 18, "type": "Iran",
      "title": "روز بزرگداشت سید ‌جمال‌الدّین اسدآبادی" },

    { "holiday": false, "month": 12, "day": 18, "type": "Iran",
      "title": "سالروز تأسیس کانون‌های فرهنگی‌و‌هنری مساجد کشور" },

    { "holiday": false, "month": 12, "day": 18, "type": "Iran",
      "title": "روز بوشهر" },

    { "holiday": false, "month": 12, "day": 20, "type": "Iran",
      "title": "روز راهیان نور" },

    { "holiday": false, "month": 12, "day": 21, "type": "Iran",
      "title": "روز بزرگداشت نظامی گنجوی" },

    { "holiday": false, "month": 12, "day": 22, "type": "Iran",
      "title": "روز بزرگداشت شهدا (سالروز صدور فرمان حضرت امام خمینی (ره)، مبنی بر تأسیس بنیاد شهید انقلاب اسلامی) (۱۳۵۸ ه‍.ش)" },

    { "holiday": false, "month": 12, "day": 25, "type": "Iran",
      "title": "روز بزرگداشت پروین اعتصامی" },

    { "holiday": false, "month": 12, "day": 25, "type": "Iran",
      "title": "بمباران شیمیایی حلبچه به دست ارتش بعث عراق (۱۳۶۶ ه‍.ش)" },

    { "holiday": true, "month": 12, "day": 29, "type": "Iran",
      "title": "روز ملّی‌شدن صنعت نفت ایران (۱۳۲۹ ه‍.ش)" },


    { "holiday": false, "month": 1, "day": 1, "type": "AncientIran",
      "title": "جشن نوروز، نوروز جمشیدی (جمشید پیشدادی) - ابتدای بهار" },

    { "holiday": false, "month": 1, "day": 6, "type": "AncientIran",
      "title": "نوروز بزرگ (هودرو)، زادروز آشو زرتشت - روییدن مشی و مشیانه" },

    { "holiday": false, "month": 1, "day": 7, "type": "AncientIran",
      "title": "آیین نیایش پیر هریشت از ۷ تا ۱۱ فروردین" },

    { "holiday": false, "month": 1, "day": 13, "type": "AncientIran",
      "title": "سیزده نوروز، سیزده‌بدر" },

    { "holiday": false, "month": 1, "day": 19, "type": "AncientIran",
      "title": "جشن فرودینگان" },

    { "holiday": false, "month": 2, "day": 2, "type": "AncientIran",
      "title": "جشن اردیبهشتگان، پوشیدن لباس سپید به نشانه پاکی" },

    { "holiday": false, "month": 2, "day": 10, "type": "AncientIran",
      "title": "جشن چلمو (چله بهار) - گاهان بار میدیوزرم‌گاه از ۱۰ تا ۱۴ اردیبهشت" },

    { "holiday": false, "month": 2, "day": 18, "type": "AncientIran",
      "title": "جشن پنجاه بدر" },

    { "holiday": false, "month": 2, "day": 25, "type": "AncientIran",
      "title": "بزرگداشت استاد توس فردوسی بزرگ" },

    { "holiday": false, "month": 3, "day": 4, "type": "AncientIran",
      "title": "جشن خوردادگان، امشاسپند خورداد نگاهبان آبها" },

    { "holiday": false, "month": 3, "day": 24, "type": "AncientIran",
      "title": "آیین نیایش ستی پیر و پیر سبز (چک چک)" },

    { "holiday": false, "month": 3, "day": 29, "type": "AncientIran",
      "title": "جشن ابتدای تیر ماه، آب پاشونک" },

    { "holiday": false, "month": 4, "day": 2, "type": "AncientIran",
      "title": "آیین نیایش پیر نارستانه" },

    { "holiday": false, "month": 4, "day": 8, "type": "AncientIran",
      "title": "گاهان بار میدیوشهیم‌گاه از ۸ تا ۱۲ تیر" },

    { "holiday": false, "month": 4, "day": 10, "type": "AncientIran",
      "title": "جشن تیرگان، آب پاشونک" },

    { "holiday": false, "month": 4, "day": 13, "type": "AncientIran",
      "title": "آیین نیایش پارس بانو از ۱۳ تا ۱۷ تیر" },

    { "holiday": false, "month": 5, "day": 3, "type": "AncientIran",
      "title": "جشن امردادگان، امشاسپند امرداد نگاهبان رستنی‌ها" },

    { "holiday": false, "month": 5, "day": 6, "type": "AncientIran",
      "title": "جشن چلهٔ تابستان" },

    { "holiday": false, "month": 5, "day": 12, "type": "AncientIran",
      "title": "آیین نیایش پیر نارکی از ۱۲ تا ۱۶ مرداد" },

    { "holiday": false, "month": 5, "day": 30, "type": "AncientIran",
      "title": "جشن شهریورگان، امشاسپند شهریور نگاهبان فلزات" },

    { "holiday": false, "month": 6, "day": 3, "type": "AncientIran",
      "title": "جشن خزان" },

    { "holiday": false, "month": 6, "day": 21, "type": "AncientIran",
      "title": "گاهان‌بار پتیه‌شهیم‌گاه از ۲۱ تا ۲۵ شهریور" },

    { "holiday": false, "month": 7, "day": 10, "type": "AncientIran",
      "title": "جشن مهرگان" },

    { "holiday": false, "month": 8, "day": 4, "type": "AncientIran",
      "title": "جشن آبانگان" },

    { "holiday": false, "month": 8, "day": 7, "type": "AncientIran",
      "title": "روز کوروش بزرگ" },

    { "holiday": false, "month": 8, "day": 9, "type": "AncientIran",
      "title": "جشن پاییزانه" },

    { "holiday": false, "month": 8, "day": 21, "type": "AncientIran",
      "title": "جشن گالشی" },

    { "holiday": false, "month": 9, "day": 3, "type": "AncientIran",
      "title": "جشن آذرگان" },

    { "holiday": false, "month": 9, "day": 25, "type": "AncientIran",
      "title": "اولین جشن دی‌گان" },

    { "holiday": false, "month": 9, "day": 30, "type": "AncientIran",
      "title": "جشن شب یلدا" },

    { "holiday": false, "month": 10, "day": 2, "type": "AncientIran",
      "title": "دومین جشن دی‌گان" },

    { "holiday": false, "month": 10, "day": 8, "type": "AncientIran",
      "title": "جشن سیر و سور" },

    { "holiday": false, "month": 10, "day": 9, "type": "AncientIran",
      "title": "سومین جشن دی‌گان" },

    { "holiday": false, "month": 10, "day": 17, "type": "AncientIran",
      "title": "چهارمین جشن دی‌گان" },

    { "holiday": false, "month": 10, "day": 26, "type": "AncientIran",
      "title": "جشن بهمنگان، روز پدر، بهمن (منش نیک) امشاسپند" },

    { "holiday": false, "month": 10, "day": 29, "type": "AncientIran",
      "title": "جشن نوسده" },

    { "holiday": false, "month": 11, "day": 9, "type": "AncientIran",
      "title": "جشن میانهٔ زمستان" },

    { "holiday": false, "month": 11, "day": 10, "type": "AncientIran",
      "title": "جشن سده، آتش افروزی به هنگام غروب آفتاب" },

    { "holiday": false, "month": 11, "day": 29, "type": "AncientIran",
      "title": "جشن اسفندگان، روز مادر و روز عشق پاک" },

    { "holiday": false, "month": 12, "day": 14, "type": "AncientIran",
      "title": "جشن گلدان (اینجه)، روز درختکاری" }
  ],

  "Hijri Calendar": [
    { "holiday": true, "month": 1, "day": 10, "type": "Afghanistan",
      "title": "روز عاشورا" },
    { "holiday": true, "month": 3, "day": 12, "type": "Afghanistan",
      "title": "روز میلاد نبی (ص)" },
    { "holiday": true, "month": 9, "day": 1, "type": "Afghanistan",
      "title": "اول ماه مبارک رمضان" },
    { "holiday": false, "month": 9, "day": 15, "type": "Afghanistan",
      "title": "روز حمایت از اطفال آسیب‌پذیر، یتیم و بی‌سرپرست" },
    { "holiday": false, "month": 9, "day": 27, "type": "Afghanistan",
      "title": "روز گرامیداشت از نزول قرآن عظیم‌الشان" },
    { "holiday": true, "month": 10, "day": 1, "type": "Afghanistan",
      "title": "عید سعید فطر" },
    { "holiday": true, "month": 10, "day": 2, "type": "Afghanistan",
      "title": "عید سعید فطر، روز دوم" },
    { "holiday": true, "month": 10, "day": 3, "type": "Afghanistan",
      "title": "عید سعید فطر، روز سوم" },
    { "holiday": true, "month": 12, "day": 9, "type": "Afghanistan",
      "title": "روز عرفه و عید سعید اضحی" },
    { "holiday": true, "month": 12, "day": 10, "type": "Afghanistan",
      "title": "روز عرفه و عید سعید اضحی" },
    { "holiday": true, "month": 12, "day": 11, "type": "Afghanistan",
      "title": "روز عرفه و عید سعید اضحی" },
    { "holiday": true, "month": 12, "day": 12, "type": "Afghanistan",
      "title": "روز عرفه و عید سعید اضحی" },

    { "holiday": false, "month": 1, "day": 1, "type": "Iran",
      "title": "آغاز سال هجری قمری" },
    { "holiday": false, "month": 1, "day": 2, "type": "Iran",
      "title": "روز امر به معروف و نهی از منکر" },
    { "holiday": true, "month": 1, "day": 9, "type": "Iran",
      "title": "تاسوعای حسینی" },
    { "holiday": true, "month": 1, "day": 10, "type": "Iran",
      "title": "عاشورای حسینی" },
    { "holiday": false, "month": 1, "day": 11, "type": "Iran",
      "title": "روز تجلیل از اسرا و مفقودان" },
    { "holiday": false, "month": 1, "day": 12, "type": "Iran",
      "title": "شهادت حضرت امام زین‌العابدین (ع) (۹۵ ه‍.ق)" },
    { "holiday": false, "month": 1, "day": 25, "type": "Iran",
      "title": "شهادت حضرت امام زین‌العابدین (ع) (۹۵ ه‍.ق) به روایتی" },
    { "holiday": false, "month": 1, "day": 25, "type": "Iran",
      "title": "یاد روز قیام مردم سیستان به خون‌خواهی شهدای کربلا (سال ۶۲ ه‍.ق)" },
    { "holiday": false, "month": 2, "day": 3, "type": "Iran",
      "title": "ولادت حضرت امام محمد باقر (ع) (۵۷ ﻫ.ق) به روایتی" },
    { "holiday": false, "month": 2, "day": 7, "type": "Iran",
      "title": "شهادت حضرت امام حسن مجتبی (ع) (۵۰ ه‍.ق) (به روایتی)" },
    { "holiday": false, "month": 2, "day": 7, "type": "Iran",
      "title": "روز بزرگداشت سلمان فارسی" },
    { "holiday": true, "month": 2, "day": 20, "type": "Iran",
      "title": "اربعین حسینی" },
    { "holiday": false, "month": 2, "day": 27, "type": "Iran",
      "title": "روز وقف" },
    { "holiday": true, "month": 2, "day": 28, "type": "Iran",
      "title": "رحلت حضرت رسول اکرم (ص) (۱۱ ه‍.ق) – شهادت حضرت امام حسن مجتبی (ع) (۵۰ ه‍.ق)" },
    { "holiday": false, "month": 3, "day": 1, "type": "Iran",
      "title": "هجرت رسول اکرم (ص) از مکه به مدینه" },
    { "holiday": true, "month": 3, "day": 8, "type": "Iran",
      "title": "شهادت حضرت امام حسن عسکری (ع) (۲۶۰ ه‍.ق) و آغاز امامت حضرت ولی عصر (عج)" },
    { "holiday": false, "month": 3, "day": 12, "type": "Iran",
      "title": "ولادت حضرت رسول اکرم (ص) به روایت اهل سنت (۵۳ سال قبل از هجرت) - آغاز هفتهٔ وحدت" },
    { "holiday": true, "month": 3, "day": 17, "type": "Iran",
      "title": "ولادت حضرت رسول اکرم (ص) (۵۳ سال قبل از هجرت) و روز اخلاق و مهرورزی" },
    { "holiday": true, "month": 3, "day": 17, "type": "Iran",
      "title": "ولادت حضرت امام جعفر صادق (ع) مؤسس مذهب جعفری (۸۳ ه‍.ق)" },
    { "holiday": false, "month": 4, "day": 4, "type": "Iran",
      "title": "ولادت شاه عبدالعظیم حسنی (ع)" },
    { "holiday": false, "month": 4, "day": 8, "type": "Iran",
      "title": "ولادت حضرت امام حسن عسکری (ع) (۲۳۲ ه‍.ق)" },
    { "holiday": false, "month": 4, "day": 10, "type": "Iran",
      "title": "وفات حضرت معصومه (س) (۲۰۱ ه‍.ق)" },
    { "holiday": false, "month": 5, "day": 5, "type": "Iran",
      "title": "ولادت حضرت زینب (س) (۵ ه‍.ق) و روز پرستار" },
    { "holiday": false, "month": 5, "day": 13, "type": "Iran",
      "title": "شهادت حضرت فاطمهٔ زهرا (س) (۱۱ ه‍.ق) به روایتی" },
    { "holiday": true, "month": 6, "day": 3, "type": "Iran",
      "title": "شهادت حضرت فاطمهٔ زهرا (س) (۱۱ ه‍.ق)" },
    { "holiday": false, "month": 6, "day": 13, "type": "Iran",
      "title": "سالروز وفات حضرت ام‌البنین (س) - روز تکریم مادران و همسران شهدا" },
    { "holiday": false, "month": 6, "day": 20, "type": "Iran",
      "title": "روز زن و مادر و ولادت حضرت فاطمهٔ زهرا (س) (سال هشتم قبل از هجرت)" },
    { "holiday": false, "month": 6, "day": 20, "type": "Iran",
      "title": "تولد حضرت امام خمینی (ره) رهبر کبیر انقلاب اسلامی (۱۳۲۰ ه‍.ق)" },
    { "holiday": false, "month": 7, "day": 1, "type": "Iran",
      "title": "ولادت حضرت امام محمد باقر (ع) (۵۷ ه‍.ق)" },
    { "holiday": false, "month": 7, "day": 3, "type": "Iran",
      "title": "شهادت حضرت امام علی النقی الهادی (ع) (۲۵۴ ه‍.ق)" },
    { "holiday": false, "month": 7, "day": 10, "type": "Iran",
      "title": "ولادت حضرت امام محمد تقی (ع) «جوادالائمه» (۱۹۵ ه‍.ق)" },
    { "holiday": true, "month": 7, "day": 13, "type": "Iran",
      "title": "ولادت حضرت امام علی (ع) (۲۳ سال قبل از هجرت)" },
    { "holiday": false, "month": 7, "day": 13, "type": "Iran",
      "title": "روز پدر" },
    { "holiday": false, "month": 7, "day": 13, "type": "Iran",
      "title": "آغاز ایام‌البیض (اعتکاف)" },
    { "holiday": false, "month": 7, "day": 15, "type": "Iran",
      "title": "وفات حضرت زینب (س) (۶۲ ه‍.ق)" },
    { "holiday": false, "month": 7, "day": 15, "type": "Iran",
      "title": "تغییر قبلهٔ مسلمین از بیت‌المقدس به مکهٔ معظمه (۲ ه‍.ق)" },
    { "holiday": false, "month": 7, "day": 25, "type": "Iran",
      "title": "شهادت حضرت امام موسی کاظم (ع) (۱۸۳ ه‍.ق)" },
    { "holiday": true, "month": 7, "day": 27, "type": "Iran",
      "title": "مبعث حضرت رسول اکرم (ص) (۱۳ سال قبل از هجرت)" },
    { "holiday": false, "month": 8, "day": 3, "type": "Iran",
      "title": "ولادت حضرت امام حسین (ع) (۴ ه‍.ق) و روز پاسدار" },
    { "holiday": false, "month": 8, "day": 4, "type": "Iran",
      "title": "ولادت حضرت ابوالفضل العباس (ع) (۲۶ ه‍.ق) و روز جانباز" },
    { "holiday": false, "month": 8, "day": 5, "type": "Iran",
      "title": "ولادت حضرت امام زین‌العابدین (ع) (۳۸ ه‍.ق)" },
    { "holiday": false, "month": 8, "day": 5, "type": "Iran",
      "title": "روز صحیفهٔ سجادیه" },
    { "holiday": false, "month": 8, "day": 11, "type": "Iran",
      "title": "ولادت حضرت علی اکبر (ع) (۳۳ ه‍.ق)" },
    { "holiday": false, "month": 8, "day": 11, "type": "Iran",
      "title": "روز جوان" },
    { "holiday": true, "month": 8, "day": 15, "type": "Iran",
      "title": "ولادت حضرت قائم (عج) (۲۵۵ ه‍.ق) و روز جهانی مستضعفان" },
    { "holiday": false, "month": 8, "day": 15, "type": "Iran",
      "title": "روز سربازان گمنام حضرت امام زمان (عج)" },
    { "holiday": false, "month": 9, "day": 10, "type": "Iran",
      "title": "وفات حضرت خدیجه (س) (۳ سال قبل از هجرت)" },
    { "holiday": false, "month": 9, "day": 15, "type": "Iran",
      "title": "ولادت حضرت امام حسن مجتبی (ع) (۳ ه‍.ق)" },
    { "holiday": false, "month": 9, "day": 15, "type": "Iran",
      "title": "روز اکرام و تکریم خیّرین" },
    { "holiday": false, "month": 9, "day": 18, "type": "Iran",
      "title": "شب قدر" },
    { "holiday": false, "month": 9, "day": 19, "type": "Iran",
      "title": "ضربت خوردن حضرت امام علی (ع) (۴۰ ه‍.ق)" },
    { "holiday": false, "month": 9, "day": 19, "type": "Iran",
      "title": "روز نهج‌البلاغه" },
    { "holiday": false, "month": 9, "day": 20, "type": "Iran",
      "title": "شب قدر" },
    { "holiday": true, "month": 9, "day": 21, "type": "Iran",
      "title": "شهادت حضرت امام علی (ع) (۴۰ ه‍.ق)" },
    { "holiday": false, "month": 9, "day": 22, "type": "Iran",
      "title": "شب قدر" },
    { "holiday": true, "month": 10, "day": 1, "type": "Iran",
      "title": "عید سعید فطر" },
    { "holiday": true, "month": 10, "day": 2, "type": "Iran",
      "title": "تعطیل به مناسبت عید سعید فطر" },
    { "holiday": false, "month": 10, "day": 17, "type": "Iran",
      "title": "روز فرهنگ پهلوانی و ورزش زورخانه‌ای" },
    { "holiday": false, "month": 10, "day": 21, "type": "Iran",
      "title": "فتح اندلس به دست مسلمانان (۹۲ ه‍.ق)" },
    { "holiday": true, "month": 10, "day": 25, "type": "Iran",
      "title": "شهادت حضرت امام جعفر صادق (ع) (۱۴۸ ه‍.ق)" },
    { "holiday": false, "month": 11, "day": 1, "type": "Iran",
      "title": "ولادت حضرت معصومه (س) (۱۷۳ ه‍.ق) و روز دختران" },
    { "holiday": false, "month": 11, "day": 1, "type": "Iran",
      "title": "آغاز دههٔ کرامت" },
    { "holiday": false, "month": 11, "day": 5, "type": "Iran",
      "title": "روز تجلیل از امام‌زادگان و بقاع متبرکه" },
    { "holiday": false, "month": 11, "day": 5, "type": "Iran",
      "title": "روز بزرگداشت حضرت صالح بن موسی کاظم (ع)" },
    { "holiday": false, "month": 11, "day": 6, "type": "Iran",
      "title": "روز بزرگداشت حضرت احمدبن‌موسی شاهچراغ (ع)" },
    { "holiday": false, "month": 11, "day": 11, "type": "Iran",
      "title": "ولادت حضرت امام رضا (ع) (۱۴۸ ه‍.ق)" },
    { "holiday": false, "month": 12, "day": 1, "type": "Iran",
      "title": "سالروز ازدواج حضرت امام علی (ع) و حضرت فاطمه (س) (۲ ه‍.ق) – روز ازدواج" },
    { "holiday": false, "month": 12, "day": 6, "type": "Iran",
      "title": "شهادت زائران خانهٔ خدا به دست مأموران آل سعود (۱۳۶۶ ه‍.ش برابر با ۶ ذی‌الحجه ۱۴۰۷ ه‍.ق)" },
    { "holiday": false, "month": 12, "day": 7, "type": "Iran",
      "title": "شهادت حضرت امام محمد باقر (ع) (۱۱۴ ه‍.ق)" },
    { "holiday": false, "month": 12, "day": 9, "type": "Iran",
      "title": "روز عرفه (روز نیایش)" },
    { "holiday": true, "month": 12, "day": 10, "type": "Iran",
      "title": "عید سعید قربان" },
    { "holiday": false, "month": 12, "day": 10, "type": "Iran",
      "title": "آغاز دههٔ امامت و ولایت" },
    { "holiday": false, "month": 12, "day": 15, "type": "Iran",
      "title": "ولادت حضرت امام علی النقی الهادی (ع) (۲۱۲ ه‍.ق)" },
    { "holiday": true, "month": 12, "day": 18, "type": "Iran",
      "title": "عید سعید غدیر خم (۱۰ ه‍.ق)" },
    { "holiday": false, "month": 12, "day": 20, "type": "Iran",
      "title": "ولادت حضرت امام موسی کاظم (ع) (۱۲۸ ه‍.ق)" },
    { "holiday": false, "month": 12, "day": 24, "type": "Iran",
      "title": "روز مباهلهٔ پیامبر اسلام (ص) (۱۰ ه‍.ق)" },
    { "holiday": false, "month": 12, "day": 25, "type": "Iran",
      "title": "روز خانواده و تکریم بازنشستگان" }
  ],

  "Gregorian Calendar": [
    { "holiday": false, "month": 1, "day": 21, "title": "روز ملی مبارزه علیه مواد انفجاری تعبیه شده", "type": "Afghanistan" },
    { "holiday": false, "month": 3, "day": 8, "title": "روز جهانی زن", "type": "Afghanistan" },
    { "holiday": false, "month": 3, "day": 15, "title": "روز جهانی حقوق مستهلک", "type": "Afghanistan" },
    { "holiday": false, "month": 3, "day": 22, "title": "روز جهانی آب", "type": "Afghanistan" },
    { "holiday": false, "month": 3, "day": 23, "title": "روز جهانی هواشناسی", "type": "Afghanistan" },
    { "holiday": false, "month": 5, "day": 1, "title": "روز بین‌المللی کارگر", "type": "Afghanistan" },
    { "holiday": false, "month": 5, "day": 6, "title": "روز قلم", "type": "Afghanistan" },
    { "holiday": false, "month": 5, "day": 17, "title": "روز جهانی تیلی‌کمیونیکیشن", "type": "Afghanistan" },
    { "holiday": false, "month": 5, "day": 18, "title": "روز بین‌المللی موزیم‌ها", "type": "Afghanistan" },
    { "holiday": false, "month": 6, "day": 1, "title": "روز بین‌المللی طفل", "type": "Afghanistan" },
    { "holiday": false, "month": 6, "day": 5, "title": "هفته محیط زیست", "type": "Afghanistan" },
    { "holiday": false, "month": 6, "day": 20, "title": "روز بین‌المللی پناهنده‌گان", "type": "Afghanistan" },
    { "holiday": false, "month": 6, "day": 23, "title": "روز جهانی المپیک", "type": "Afghanistan" },
    { "holiday": false, "month": 6, "day": 26, "title": "هفته مبارزه علیه مواد مخدر، روز جهانی مبارزه علیه مواد مخدر", "type": "Afghanistan" },
    { "holiday": false, "month": 7, "day": 11, "title": "روز جهانی نفوس", "type": "Afghanistan" },
    { "holiday": false, "month": 8, "day": 1, "title": "هفته تغذیه از شیر مادر", "type": "Afghanistan" },
    { "holiday": false, "month": 8, "day": 21, "title": "روز بین المللی یادبود و گرامیداشت از قربانیان تروریزم", "type": "Afghanistan" },
    { "holiday": false, "month": 9, "day": 8, "title": "روز بین‌المللی سواد", "type": "Afghanistan" },
    { "holiday": false, "month": 9, "day": 21, "title": "روز جهانی صلح", "type": "Afghanistan" },
    { "holiday": false, "month": 9, "day": 27, "title": "روز جهانی توریزم", "type": "Afghanistan" },
    { "holiday": false, "month": 10, "day": 5, "title": "روز جهانی معلم", "type": "Afghanistan" },
    { "holiday": false, "month": 10, "day": 9, "title": "روز جهانی پست", "type": "Afghanistan" },
    { "holiday": false, "month": 10, "day": 12, "title": "روز جهانی کاهش خطرپذیری", "type": "Afghanistan" },
    { "holiday": false, "month": 10, "day": 16, "title": "روز جهانی غذا", "type": "Afghanistan" },
    { "holiday": false, "month": 10, "day": 24, "title": "روز جهانی ملل متحد", "type": "Afghanistan" },
    { "holiday": false, "month": 11, "day": 17, "title": "روز جهانی محصلان", "type": "Afghanistan" },
    { "holiday": false, "month": 12, "day": 7, "title": "روز جهانی هوانوردی", "type": "Afghanistan" },
    { "holiday": false, "month": 12, "day": 18, "title": "روز جهانی مهاجرت", "type": "Afghanistan" },
    { "holiday": false, "month": 12, "day": 28, "title": "روز جهانی سینما", "type": "Afghanistan" },

    { "holiday": false, "month": 1, "day": 1, "title": "آغاز سال میلادی", "type": "Iran" },
    { "holiday": false, "month": 1, "day": 26, "title": "روز جهانی گمرک", "type": "Iran" },
    { "holiday": false, "month": 3, "day": 22, "title": "روز جهانی آب", "type": "Iran" },
    { "holiday": false, "month": 3, "day": 23, "title": "روز جهانی هواشناسی", "type": "Iran" },
    { "holiday": false, "month": 5, "day": 1, "title": "روز جهانی کار و کارگر", "type": "Iran" },
    { "holiday": false, "month": 5, "day": 5, "title": "روز جهانی ماما", "type": "Iran" },
    { "holiday": false, "month": 5, "day": 8, "title": "روز جهانی صلیب سرخ و هلال احمر", "type": "Iran" },
    { "holiday": false, "month": 5, "day": 18, "title": "روز جهانی موزه و میراث فرهنگی", "type": "Iran" },
    { "holiday": false, "month": 5, "day": 31, "title": "روز جهانی بدون دخانیات", "type": "Iran" },
    { "holiday": false, "month": 6, "day": 1, "title": "روز جهانی والدین", "type": "Iran" },
    { "holiday": false, "month": 6, "day": 5, "title": "روز جهانی محیط زیست", "type": "Iran" },
    { "holiday": false, "month": 6, "day": 17, "title": "روز جهانی بیابان‌زدایی", "type": "Iran" },
    { "holiday": false, "month": 6, "day": 26, "title": "روز جهانی مبارزه با مواد مخدر", "type": "Iran" },
    { "holiday": false, "month": 8, "day": 1, "title": "روز جهانی شیر مادر", "type": "Iran" },
    { "holiday": false, "month": 8, "day": 6, "title": "انفجار بمب اتمی آمریکا در هیروشیما با بیش از ۱۶۰هزار کشته و مجروح (۱۹۴۵ میلادی)", "type": "Iran" },
    { "holiday": false, "month": 8, "day": 21, "title": "روز جهانی مسجد", "type": "Iran" },
    { "holiday": false, "month": 9, "day": 27, "title": "روز جهانی جهانگردی", "type": "Iran" },
    { "holiday": false, "month": 9, "day": 30, "title": "روز جهانی دریانوردی", "type": "Iran" },
    { "holiday": false, "month": 9, "day": 30, "title": "روز جهانی ناشنوایان", "type": "Iran" },
    { "holiday": false, "month": 10, "day": 1, "title": "روز جهانی سالمندان", "type": "Iran" },
    { "holiday": false, "month": 10, "day": 8, "title": "روز جهانی کودک", "type": "Iran" },
    { "holiday": false, "month": 10, "day": 9, "title": "روز جهانی پست", "type": "Iran" },
    { "holiday": false, "month": 10, "day": 14, "title": "روز جهانی استاندارد", "type": "Iran" },
    { "holiday": false, "month": 10, "day": 15, "title": "روز جهانی نابینایان (عصای سفید)", "type": "Iran" },
    { "holiday": false, "month": 10, "day": 16, "title": "روز جهانی غذا", "type": "Iran" },
    { "holiday": false, "month": 11, "day": 10, "title": "روز جهانی علم در خدمت صلح و توسعه", "type": "Iran" },
    { "holiday": false, "month": 12, "day": 1, "title": "روز جهانی مبارزه با ایدز", "type": "Iran" },
    { "holiday": false, "month": 12, "day": 3, "title": "روز جهانی معلولان", "type": "Iran" },
    { "holiday": false, "month": 12, "day": 7, "title": "روز جهانی هواپیمایی", "type": "Iran" },
    { "holiday": false, "month": 12, "day": 25, "title": "ولادت حضرت عیسی مسیح (ع)", "type": "Iran" },

    { "holiday": false, "month": 1, "day": 4, "title": "روز جهانی بریل", "type": "International" },
    { "holiday": false, "month": 1, "day": 24, "title": "روز جهانی آموزش", "type": "International" },
    { "holiday": false, "month": 2, "day": 4, "title": "روز جهانی سرطان", "type": "International"},
    { "holiday": false, "month": 2, "day": 6, "title": "روز جهانی مبارزه با ناقص‌سازی زنان", "type": "International" },
    { "holiday": false, "month": 2, "day": 10, "title": "روز جهانی حبوبات", "type": "International" },
    { "holiday": false, "month": 2, "day": 11, "title": "روز جهانی زن و دختر در علم", "type": "International" },
    { "holiday": false, "month": 2, "day": 13, "title": "روز جهانی رادیو", "type": "International" },
    { "holiday": false, "month": 2, "day": 20, "title": "روز جهانی عدالت اجتماعی", "type": "International" },
    { "holiday": false, "month": 2, "day": 21, "title": "روز جهانی زبان مادری", "type": "International" },
    { "holiday": false, "month": 3, "day": 1, "title": "روز جهانی بدون تبعیض", "type": "International" },
    { "holiday": false, "month": 3, "day": 3, "title": "روز جهانی حیات وحش", "type": "International" },
    { "holiday": false, "month": 3, "day": 8, "title": "روز جهانی زنان", "type": "International" },
    { "holiday": false, "month": 3, "day": 20, "title": "روز جهانی شادی", "type": "International" },
    { "holiday": false, "month": 3, "day": 21, "title": "روز جهانی شعر", "type": "International" },
    { "holiday": false, "month": 3, "day": 21, "title": "روز جهانی سندروم داون", "type": "International" },
    { "holiday": false, "month": 3, "day": 21, "title": "روز بین‌المللی جنگل‌ها", "type": "International" },
    { "holiday": false, "month": 3, "day": 24, "title": "روز جهانی سل", "type": "International"},
    { "holiday": false, "month": 3, "day": 24, "title": "روز بین‌المللی حق بر صحت و درستی دربارهٔ نقض فاحش حقوق بشر و منزلت قربانیان", "type": "International" },
    { "holiday": false, "month": 3, "day": 25, "title": "روز بین‌المللی یادبود قربانیان بردگی و تجارت برده از آن سوی اقیانوس اطلس", "type": "International" },
    { "holiday": false, "month": 4, "day": 7, "title": "روز جهانی سلامت", "type": "International" },
    { "holiday": false, "month": 4, "day": 22, "title": "روز جهانی زمین پاک", "type": "International" },
    { "holiday": false, "month": 4, "day": 23, "title": "روز جهانی کتاب و حق مؤلف", "type": "International" },
    { "holiday": false, "month": 4, "day": 25, "title": "روز جهانی مالاریا", "type": "International" },
    { "holiday": false, "month": 4, "day": 27, "title": "روز جهانی گرافیک", "type": "International" },
    { "holiday": false, "month": 4, "day": 28, "title": "روز جهانی ایمنی و بهداشت حرفه‌ای", "type": "International" },
    { "holiday": false, "month": 5, "day": 3, "title": "روز جهانی آزادی مطبوعات", "type": "International" },
    { "holiday": false, "month": 5, "day": 12, "title": "روز جهانی پرستار", "type": "International" },
    { "holiday": false, "month": 5, "day": 15, "title": "روز جهانی خانواده", "type": "International" },
    { "holiday": false, "month": 5, "day": 20, "title": "روز جهانی زنبور", "type": "International" },
    { "holiday": false, "month": 5, "day": 29, "title": "روز جهانی حافظان صلح ملل متحد", "type": "International" },
    { "holiday": false, "month": 6, "day": 10, "title": "روز جهانی صنایع دستی", "type": "International" },
    { "holiday": false, "month": 6, "day": 12, "title": "روز جهانی منع کار کودکان", "type": "International" },
    { "holiday": false, "month": 6, "day": 14, "title": "روز جهانی اهدای خون", "type": "International" },
    { "holiday": false, "month": 6, "day": 20, "title": "روز جهانی پناهندگان", "type": "International" },
    { "holiday": false, "month": 6, "day": 21, "title": "روز جهانی موسیقی", "type": "International" },
    { "holiday": false, "month": 6, "day": 26, "title": "روز جهانی قربانیان خشونت", "type": "International" },
    { "holiday": false, "month": 6, "day": 26, "title": "روز جهانی جمعیت", "type": "International" },
    { "holiday": false, "month": 8, "day": 12, "title": "روز جهانی جوانان", "type": "International" },
    { "holiday": false, "month": 8, "day": 13, "title": "روز جهانی چپ دستان", "type": "International" },
    { "holiday": false, "month": 8, "day": 19, "title": "روز جهانی انسان دوستی", "type": "International" },
    { "holiday": false, "month": 8, "day": 19, "title": "روز جهانی عکاسی", "type": "International" },
    { "holiday": false, "month": 9, "day": 8, "title": "روز جهانی باسوادی", "type": "International" },
    { "holiday": false, "month": 9, "day": 10, "title": "روز جهانی جلوگیری از خودکشی", "type": "International" },
    { "holiday": false, "month": 9, "day": 21, "title": "روز جهانی آلزایمر", "type": "International" },
    { "holiday": false, "month": 9, "day": 21, "title": "روز جهانی صلح", "type": "International" },
    { "holiday": false, "month": 9, "day": 30, "title": "روز جهانی ترجمه", "type": "International" },
    { "holiday": false, "month": 10, "day": 1, "title": "روز بین‌المللی قهوه", "type": "International" },
    { "holiday": false, "month": 10, "day": 5, "title": "روز جهانی معلم", "type": "International" },
    { "holiday": false, "month": 10, "day": 10, "title": "روز جهانی بهداشت روان", "type": "International" },
    { "holiday": false, "month": 10, "day": 11, "title": "روز جهانی دختران", "type": "International" },
    { "holiday": false, "month": 10, "day": 15, "title": "روز جهانی هنر", "type": "International" },
    { "holiday": false, "month": 10, "day": 24, "title": "روز ملل متحد و روز جهانی توسعه اطلاعات", "type": "International" },
    { "holiday": false, "month": 10, "day": 25, "title": "روز جهانی هنرمند", "type": "International" },
    { "holiday": false, "month": 10, "day": 27, "title": "روز جهانی میراث سمعی و بصری", "type": "International" },
    { "holiday": false, "month": 10, "day": 27, "title": "روز جهانی کاردرمانی", "type": "International" },
    { "holiday": false, "month": 10, "day": 31, "title": "روز جهانی شهرها", "type": "International" },
    { "holiday": false, "month": 10, "day": 31, "title": "جشن هالووین", "type": "International" },
    { "holiday": false, "month": 11, "day": 6, "title": "روز بین‌المللی پیشگیری از سوء استفاده از محیط زیست در جنگ و مناقشات مسلحانه", "type": "International" },
    { "holiday": false, "month": 11, "day": 10, "title": "روز جهانی حسابداری", "type": "International" },
    { "holiday": false, "month": 11, "day": 14, "title": "روز جهانی دیابت", "type": "International" },
    { "holiday": false, "month": 11, "day": 21, "title": "روز جهانی تلویزیون", "type": "International" },
    { "holiday": false, "month": 11, "day": 25, "title": "روز جهانی مبارزه با خشونت علیه زنان", "type": "International" },
    { "holiday": false, "month": 11, "day": 29, "title": "روز جهانی همبستگی با مردم فلسطین", "type": "International" },
    { "holiday": false, "month": 12, "day": 2, "title": "روز جهانی لغو برده‌داری", "type": "International" },
    { "holiday": false, "month": 12, "day": 10, "title": "روز جهانی حقوق بشر", "type": "International" },
    { "holiday": false, "month": 12, "day": 11, "title": "روز جهانی کوهستان", "type": "International" }
  ],

  "Nepali Calendar": [
  ],

  "Irregular Recurring": [
    { "calendar": "Persian", "rule": "single event", "year": 1401, "month": 8, "day": 3, "type": "Iran",
      "title": "خورشیدگرفتگی جزئی قابل مشاهده در ایران", "holiday": false },
    { "calendar": "Persian", "rule": "second week of month", "month": 1, "type": "Afghanistan",
      "title": "هفتهٔ جیولوجست‌های افغانستان (هفتهٔ دوم حمل)", "holiday": false },
    { "calendar": "Persian", "rule": "last week of month", "month": 2, "type": "Afghanistan",
      "title": "هفتهٔ کتاب‌خوانی (هفتهٔ اخیر ثور)", "holiday": false },
    { "calendar": "Gregorian", "rule": "week from day", "day": 5, "month": 6, "type": "Afghanistan",
      "title": "هفتهٔ محیط زیست (۵-۱۱ جون)", "holiday": false },
    { "calendar": "Gregorian", "rule": "week from day", "day": 26, "month": 6, "type": "Afghanistan",
      "title": "هفته مبارزه علیه مواد مخدر، آغاز از تاریخ ۲۶ جون (روز جهانی مبارزه علیه مواد مخدر)", "holiday": false },
    { "calendar": "Gregorian", "rule": "week from day", "day": 1, "month": 8, "type": "Afghanistan",
      "title": "هفتهٔ تغذیه از شیر مادر (۱-۷ آگست)", "holiday": false },
    { "calendar": "Persian", "rule": "week from day", "day": 14, "month": 10, "type": "Afghanistan",
      "title": "هفتهٔ قانون اساسی افغانستان (۱۴-۲۰ جدی)", "holiday": false },
    { "calendar": "Hijri", "rule": "last weekday of month", "weekday": 7, "month": 9, "type": "Iran",
      "title": "روز جهانی قدس (آخرین جمعهٔ ماه رمضان)", "holiday": false },
    { "calendar": "Persian", "rule": "last weekday of month", "weekday": 4, "month": 12, "type": "Iran",
      "title": "روز تکریم همسایگان (آخرین سه‌شنبهٔ سال)", "holiday": false },
    { "calendar": "Persian", "rule": "last weekday of month", "weekday": 4, "month": 12, "type": "AncientIran",
      "title": "چهارشنبه‌سوری (آخرین سه‌شنبهٔ سال)", "holiday": false },
    { "calendar": "Gregorian", "rule": "last weekday of month", "weekday": 7, "month": 11, "type": "International",
      "title": "جمعهٔ سیاه یا بلک فرایدی (آخرین جمعهٔ ماه نوامبر)", "holiday": false },
    { "calendar": "Gregorian", "rule": "nth day from", "nth": 256, "month": 1, "day": 1, "type": "International",
      "title": "روز جهانی برنامه‌نویس (روز ۲۵۶م سال میلادی)", "holiday": false },
    { "calendar": "Hijri", "rule": "end of month", "month": 2, "type": "Iran",
      "title": "شهادت حضرت امام رضا (ع) (۲۰۳ ه‍.ق) (۳۰ صَفَر یا انتهای ماه)", "holiday": true },
    { "calendar": "Hijri", "rule": "end of month", "month": 11, "type": "Iran",
      "title": "شهادت حضرت امام محمد تقی (ع) (۲۲۰ ه‍.ق) (۳۰ ذی‌القعده یا انتهای ماه)", "holiday": false }
  ]
}
